Time,Open,High,Low,Last,Change,%Chg,Volume
"07/12/2023 12:00",487,491.5,486.5,490.5,3.5,+0.72%,10369
"07/12/2023 11:30",484,487.75,483.75,487,3,+0.62%,17604
"07/12/2023 11:00",496.25,498.5,481.75,484,-12.5,-2.52%,58022
"07/12/2023 10:30",497.5,498,495.5,496.5,-1.25,-0.25%,7114
"07/12/2023 10:00",499,499.5,497,497.75,-1.5,-0.30%,7050
"07/12/2023 09:30",500.75,501,498,499.25,-1.5,-0.30%,6535
"07/12/2023 09:00",503.25,503.5,500,500.75,-2.5,-0.50%,8067
"07/12/2023 08:30",503.5,504,502,503.25,-0.25,-0.05%,9772
"07/12/2023 07:30",503.75,504.5,503.25,503.5,-0.25,-0.05%,1056
"07/12/2023 07:00",503,504.25,502.25,503.75,0.5,+0.10%,2442
"07/12/2023 06:30",503.25,503.5,502.75,503.25,0,0.00%,1152
"07/12/2023 06:00",503.5,503.75,503,503.25,-0.5,-0.10%,268
"07/12/2023 05:30",504,504.5,503.5,503.75,-0.25,-0.05%,305
"07/12/2023 05:00",504,504,502.75,504,0,0.00%,284
"07/12/2023 04:30",503,504.25,502.5,504,1,+0.20%,1188
"07/12/2023 04:00",503,503.25,502.75,503,0.25,+0.05%,906
"07/12/2023 03:30",501.5,503.25,501.25,502.75,1.25,+0.25%,577
"07/12/2023 03:00",502.5,503,501.5,501.5,-1,-0.20%,1172
"07/12/2023 02:30",503.25,503.75,502.25,502.5,-1,-0.20%,477
"07/12/2023 02:00",503.5,504,502.25,503.5,0,0.00%,805
"07/12/2023 01:30",503.75,504.25,503.25,503.5,-0.25,-0.05%,132
"07/12/2023 01:00",503.5,504,503.5,503.75,0.25,+0.05%,117
"07/12/2023 00:30",504,504,503.25,503.5,-0.25,-0.05%,93
"07/12/2023 00:00",504,504.25,503.75,503.75,-0.25,-0.05%,201
"07/11/2023 23:30",504.75,504.75,503.75,504,-0.5,-0.10%,308
"07/11/2023 23:00",504.75,504.75,504.5,504.5,-0.25,-0.05%,142
"07/11/2023 22:30",504.75,504.75,504.5,504.75,0.25,+0.05%,166
"07/11/2023 22:00",505.5,505.5,504.5,504.5,-0.75,-0.15%,519
"07/11/2023 21:30",505.25,505.5,505,505.25,-0.25,-0.05%,183
"07/11/2023 21:00",505.25,505.5,505.25,505.5,0.25,+0.05%,166
"07/11/2023 20:30",504.25,505.5,504.25,505.25,1,+0.20%,647
"07/11/2023 20:00",504.5,504.5,503.25,504.25,0,0.00%,243
"07/11/2023 19:30",504.5,504.75,504,504.25,-0.25,-0.05%,279
"07/11/2023 19:00",500.5,504.75,500.5,504.5,3,+0.60%,2026
"07/11/2023 13:00",501.25,502,500.25,501.5,0.25,+0.05%,8199
"07/11/2023 12:30",501.75,502.25,500.75,501.25,-0.75,-0.15%,4104
"07/11/2023 12:00",502.25,503.5,501.75,502,-0.25,-0.05%,3186
"07/11/2023 11:30",502.5,504,502.25,502.25,-0.25,-0.05%,4867
"07/11/2023 11:00",500.25,502.75,499.5,502.5,2,+0.40%,4296
"07/11/2023 10:30",500.75,502.75,500.25,500.5,-0.5,-0.10%,2596
"07/11/2023 10:00",500.5,501.5,499.5,501,0.25,+0.05%,4474
"07/11/2023 09:30",502.25,503.75,500.75,500.75,-1.5,-0.30%,7943
"07/11/2023 09:00",502.25,504,501.75,502.25,0,0.00%,5528
"07/11/2023 08:30",504.5,504.75,501.75,502.25,-2.5,-0.50%,13751
"07/11/2023 07:30",504.75,505.25,504.25,504.75,0,0.00%,936
"07/11/2023 07:00",505,505.5,504,504.75,-0.25,-0.05%,1159
"07/11/2023 06:30",505,506,504.25,505,0,0.00%,633
"07/11/2023 06:00",505.25,506.5,504.5,505,-0.25,-0.05%,750
"07/11/2023 05:30",505.25,506.5,504.75,505.25,-0.25,-0.05%,983
"07/11/2023 05:00",505.5,506,504.75,505.5,0,0.00%,461
"07/11/2023 04:30",504.75,506.5,504.5,505.5,0.75,+0.15%,1772
"07/11/2023 04:00",504,505.25,504,504.75,0.75,+0.15%,412
"07/11/2023 03:30",505,505,503.5,504,-1.25,-0.25%,559
"07/11/2023 03:00",503.75,505.5,503.25,505.25,1.5,+0.30%,519
"07/11/2023 02:30",502.75,504,502.5,503.75,1,+0.20%,954
"07/11/2023 02:00",503.75,504.5,502.25,502.75,-1,-0.20%,866
"07/11/2023 01:30",502.5,506,502.5,503.75,1,+0.20%,1505
"07/11/2023 01:00",502,502.75,501.75,502.75,1,+0.20%,289
"07/11/2023 00:30",502.25,503,501.75,501.75,-0.5,-0.10%,615
"07/11/2023 00:00",498.75,502.5,498.5,502.25,3.5,+0.70%,2141
"07/10/2023 23:30",498.5,499.25,498.5,498.75,0.25,+0.05%,97
"07/10/2023 23:00",497.75,498.5,497.75,498.5,0.5,+0.10%,33
"07/10/2023 22:30",498.5,498.5,497.75,498,-0.75,-0.15%,77
"07/10/2023 22:00",499,499,498.5,498.75,0,0.00%,46
"07/10/2023 21:30",498,499,498,498.75,0.75,+0.15%,105
"07/10/2023 21:00",498.25,498.75,497.25,498,-0.5,-0.10%,339
"07/10/2023 20:30",499,499.25,498,498.5,-0.5,-0.10%,412
"07/10/2023 20:00",499,499.75,498.75,499,0,0.00%,368
"07/10/2023 19:30",498.25,499.75,498.25,499,0.75,+0.15%,997
"07/10/2023 19:00",496,498.75,493.75,498.25,-0.75,-0.15%,4980
"07/10/2023 13:00",499.5,499.75,498.5,499,-0.5,-0.10%,5463
"07/10/2023 12:30",497.75,500.75,497.75,499.5,1.75,+0.35%,3726
"07/10/2023 12:00",499,501,497.75,497.75,-1,-0.20%,3121
"07/10/2023 11:30",500.5,500.5,496.5,498.75,-1.75,-0.35%,6312
"07/10/2023 11:00",499.5,500.75,498.75,500.5,1,+0.20%,3085
"07/10/2023 10:30",499.75,500.75,499,499.5,-0.5,-0.10%,2016
"07/10/2023 10:00",499.5,501,498.5,500,0.75,+0.15%,2646
"07/10/2023 09:30",499.5,501.25,498.5,499.25,0,0.00%,4132
"07/10/2023 09:00",499.75,501.5,499,499.25,-0.5,-0.10%,5408
"07/10/2023 08:30",501,503.25,499.25,499.75,-1,-0.20%,11978
"07/10/2023 07:30",501,501.25,500.5,500.75,0,0.00%,662
"07/10/2023 07:00",501.25,501.25,497.5,500.75,-0.5,-0.10%,1945
"07/10/2023 06:30",501,501.25,500.5,501.25,0.25,+0.05%,787
"07/10/2023 06:00",501,501.5,500,501,0,0.00%,703
"07/10/2023 05:30",501.25,501.25,500,501,0,0.00%,575
"07/10/2023 05:00",500.25,501.75,500.25,501,0.75,+0.15%,1012
"07/10/2023 04:30",501.25,501.25,499.5,500.25,-0.75,-0.15%,1010
"07/10/2023 04:00",499.25,501.75,499,501,1.75,+0.35%,1593
"07/10/2023 03:30",499,499.5,498.75,499.25,0.5,+0.10%,327
"07/10/2023 03:00",498.75,499.25,498.75,498.75,0.25,+0.05%,219
"07/10/2023 02:30",497.75,499,497.75,498.5,0.75,+0.15%,891
"07/10/2023 02:00",496.25,498,495.5,497.75,1.5,+0.30%,765
"07/10/2023 01:30",496.5,497,496.25,496.25,-0.25,-0.05%,149
"07/10/2023 01:00",495.25,496.75,495,496.5,1.5,+0.30%,308
"07/10/2023 00:30",496.5,496.5,495,495,-1.5,-0.30%,177
"07/10/2023 00:00",496.25,496.75,496,496.5,0.25,+0.05%,127
"07/09/2023 23:30",495.5,496.75,495.5,496.25,0.5,+0.10%,282
"07/09/2023 23:00",495.25,495.75,495,495.75,0.5,+0.10%,66
"07/09/2023 22:30",495.5,495.5,495,495.25,-0.25,-0.05%,135
"07/09/2023 22:00",495,495.75,495,495.5,0.5,+0.10%,105
"07/09/2023 21:30",494.75,495.5,494.75,495,0,0.00%,356
"07/09/2023 21:00",497.5,497.5,495,495,-2.5,-0.50%,635
"07/09/2023 20:30",497.75,498,496.5,497.5,-0.25,-0.05%,178
"07/09/2023 20:00",498.75,499,496.5,497.75,-0.75,-0.15%,1081
"07/09/2023 19:30",498.25,499,496.5,498.5,0,0.00%,1116
"07/09/2023 19:00",497,499,494.5,498.5,2,+0.40%,4285
"07/07/2023 13:00",495.25,499.75,493.5,496.5,1,+0.20%,12085
"07/07/2023 12:30",497,497,495.25,495.5,-1.75,-0.35%,4844
"07/07/2023 12:00",496,498,495.75,497.25,1.25,+0.25%,4948
"07/07/2023 11:30",497.75,498,495.75,496,-1.5,-0.30%,5738
"07/07/2023 11:00",499.25,499.75,497.25,497.5,-1.75,-0.35%,3264
"07/07/2023 10:30",498.75,500.25,498.5,499.25,0.75,+0.15%,2541
"07/07/2023 10:00",501,502,498.25,498.5,-2.25,-0.45%,4960
"07/07/2023 09:30",497.75,501.75,497.75,500.75,3,+0.60%,5714
"07/07/2023 09:00",500.75,503,497.25,497.75,-2.75,-0.55%,7609
"07/07/2023 08:30",503.75,505,500.5,500.5,-2.25,-0.45%,11971
"07/07/2023 07:30",501,503,500.5,502.75,2,+0.40%,1660
"07/07/2023 07:00",501,501.5,500.5,500.75,-0.25,-0.05%,466
"07/07/2023 06:30",500.25,501.5,500.25,501,0.75,+0.15%,291
"07/07/2023 06:00",501.75,502,500.25,500.25,-1.5,-0.30%,608
"07/07/2023 05:30",500.75,502.25,500.25,501.75,1,+0.20%,1017
"07/07/2023 05:00",502,502.25,500.5,500.75,-1.25,-0.25%,623
"07/07/2023 04:30",500,502.5,500,502,1.75,+0.35%,700
"07/07/2023 04:00",501.75,501.75,499.75,500.25,-1.5,-0.30%,1452
"07/07/2023 03:30",500.5,502,499.75,501.75,1.5,+0.30%,891
"07/07/2023 03:00",500.5,501.75,499.5,500.25,-0.25,-0.05%,1585
"07/07/2023 02:30",502.5,502.5,500.25,500.5,-2.25,-0.45%,2393
"07/07/2023 02:00",504.75,504.75,502.5,502.75,-2,-0.40%,771
"07/07/2023 01:30",505.25,505.75,504.5,504.75,-0.5,-0.10%,495
"07/07/2023 01:00",505.75,506.5,505.25,505.25,-0.5,-0.10%,280
"07/07/2023 00:30",506.25,506.25,505.25,505.75,-0.5,-0.10%,433
"07/07/2023 00:00",507,507,506.25,506.25,-1,-0.20%,132
"07/06/2023 23:30",506.25,507.5,506,507.25,1,+0.20%,163
"07/06/2023 23:00",506.75,507,505.75,506.25,-0.75,-0.15%,199
"07/06/2023 22:30",507,507,506.5,507,0.25,+0.05%,80
"07/06/2023 22:00",506.5,506.75,506.5,506.75,0,0.00%,47
"07/06/2023 21:30",506.25,506.75,506.25,506.75,0.5,+0.10%,69
"07/06/2023 21:00",506.5,506.75,506,506.25,-0.25,-0.05%,185
"07/06/2023 20:30",506.5,507.25,506.25,506.5,0.25,+0.05%,247
"07/06/2023 20:00",508.75,509,506.25,506.25,-2.25,-0.44%,602
"07/06/2023 19:30",508.25,509,508.25,508.5,0.25,+0.05%,359
"07/06/2023 19:00",507,509.5,507,508.25,0.5,+0.10%,2309
"07/06/2023 13:00",506.75,508.25,506,507.75,1,+0.20%,8910
"07/06/2023 12:30",506.25,507.25,505.75,506.75,0.5,+0.10%,4905
"07/06/2023 12:00",503.25,506.5,503.25,506.25,3,+0.60%,6265
"07/06/2023 11:30",502.25,504.75,501,503.25,0.75,+0.15%,5749
"07/06/2023 11:00",502.5,503,501.25,502.5,0,0.00%,3453
"07/06/2023 10:30",502.5,503,501,502.5,0,0.00%,3032
"07/06/2023 10:00",502.75,504.5,501,502.5,-0.25,-0.05%,6686
"07/06/2023 09:30",498.25,502.75,497,502.75,4.5,+0.90%,8773
"07/06/2023 09:00",499,501.25,498,498.25,-1,-0.20%,9456
"07/06/2023 08:30",497.5,501.75,495.75,499.25,2,+0.40%,17797
"07/06/2023 07:30",497.25,499.25,496.25,497.25,0,0.00%,1477
"07/06/2023 07:00",499,499.25,496.25,497.25,-1.75,-0.35%,1888
"07/06/2023 06:30",498.25,499.25,497.25,499,1,+0.20%,1060
"07/06/2023 06:00",495.5,498.75,495,498,2.75,+0.56%,2241
"07/06/2023 05:30",495,495.5,494.5,495.25,0.25,+0.05%,136
"07/06/2023 05:00",493.5,495.5,493.5,495,1.25,+0.25%,299
"07/06/2023 04:30",495,495,493.5,493.75,-1.25,-0.25%,740
"07/06/2023 04:00",495,496,494.75,495,0,0.00%,289
"07/06/2023 03:30",496.75,496.75,493.75,495,-1.5,-0.30%,1227
"07/06/2023 03:00",495,496.75,493.5,496.5,1.5,+0.30%,1106
"07/06/2023 02:30",497,497.25,494.5,495,-2.25,-0.45%,605
"07/06/2023 02:00",495.75,497.5,495.5,497.25,1.75,+0.35%,652
"07/06/2023 01:30",495,496.25,494.5,495.5,0.5,+0.10%,361
"07/06/2023 01:00",494.25,495.5,493.75,495,1,+0.20%,291
"07/06/2023 00:30",494,494.25,492.5,494,-0.25,-0.05%,515
"07/06/2023 00:00",495,495,493.75,494.25,-0.75,-0.15%,163
"07/05/2023 23:30",495.25,495.25,494.75,495,-0.25,-0.05%,116
"07/05/2023 23:00",495.25,495.5,494.75,495.25,-0.25,-0.05%,172
"07/05/2023 22:30",496.25,496.5,495.25,495.5,-0.75,-0.15%,168
"07/05/2023 22:00",496.25,496.75,496.25,496.25,-0.25,-0.05%,179
"07/05/2023 21:30",496,496.5,495.75,496.5,0.5,+0.10%,268
"07/05/2023 21:00",496,496.25,494.5,496,0,0.00%,690
"07/05/2023 20:30",495.5,496.5,495.5,496,0.25,+0.05%,351
"07/05/2023 20:00",494.5,496.5,494.5,495.75,1.5,+0.30%,503
"07/05/2023 19:30",495.25,496,494,494.25,-0.75,-0.15%,669
"07/05/2023 19:00",495.75,497,493,495,0.75,+0.15%,2546
"07/05/2023 13:00",498,498.25,492.25,494.25,-3.75,-0.75%,16495
"07/05/2023 12:30",497,500,496.75,498,0.75,+0.15%,7294
"07/05/2023 12:00",496.75,498.25,496,497.25,0.5,+0.10%,5841
"07/05/2023 11:30",496,498.25,494.5,496.75,0.75,+0.15%,5889
"07/05/2023 11:00",491.75,497,491.5,496,4.25,+0.86%,11012
"07/05/2023 10:30",488,492,486.5,491.75,3.75,+0.77%,7477
"07/05/2023 10:00",487.75,490,487.5,488,0.25,+0.05%,7633
"07/05/2023 09:30",486.5,490.25,485.5,487.75,1.25,+0.26%,14790
"07/05/2023 09:00",498,498.75,486.5,486.5,-11.25,-2.26%,25773
"07/05/2023 08:30",504,504,495.25,497.75,4.5,+0.91%,33448
"07/03/2023 13:00",496,496,492.75,493.25,-2.5,-0.50%,13608
"07/03/2023 12:30",497.75,498.75,495.5,495.75,-1.75,-0.35%,4650
"07/03/2023 12:00",498.75,499,496.75,497.5,-1.25,-0.25%,4681
"07/03/2023 11:30",498.75,500.5,498.25,498.75,-0.25,-0.05%,5361
"07/03/2023 11:00",497.5,500,495,499,1.5,+0.30%,7959
"07/03/2023 10:30",497.25,500,495.5,497.5,0.5,+0.10%,5527
"07/03/2023 10:00",496.75,499,496,497,0.25,+0.05%,7698
"07/03/2023 09:30",499,499,493.25,496.75,-2.25,-0.45%,11472
"07/03/2023 09:00",499.25,500.5,495.5,499,-0.25,-0.05%,11608
"07/03/2023 08:30",499,504.25,498.25,499.25,0,0.00%,21932
"07/03/2023 07:30",501.25,501.5,498.75,499.25,-2,-0.40%,1264
"07/03/2023 07:00",499.25,504.5,499,501.25,2.25,+0.45%,4130
"07/03/2023 06:30",501.25,503,498.5,499,-2.5,-0.50%,2247
"07/03/2023 06:00",503.5,504,496.25,501.5,-2.25,-0.45%,3352
"07/03/2023 05:30",502.5,504,502,503.75,1.25,+0.25%,749
"07/03/2023 05:00",502.25,503,501,502.5,0.5,+0.10%,1496
"07/03/2023 04:30",503,505,501.75,502,-0.75,-0.15%,2191
"07/03/2023 04:00",498.75,502.75,498,502.75,4,+0.80%,2374
"07/03/2023 03:30",499.5,499.5,496.75,498.75,-0.5,-0.10%,1444
"07/03/2023 03:00",498.25,499.25,497.25,499.25,1,+0.20%,956
"07/03/2023 02:30",496.75,499.25,496,498.25,1.5,+0.30%,1076
"07/03/2023 02:00",498.25,499,496.5,496.75,-1.75,-0.35%,861
"07/03/2023 01:30",496.5,499.25,496.25,498.5,2.25,+0.45%,739
"07/03/2023 01:00",497,499.25,495.5,496.25,-0.75,-0.15%,1056
"07/03/2023 00:30",497.25,499.5,497,497,-0.25,-0.05%,883
"07/03/2023 00:00",499.5,499.75,496.5,497.25,-2.25,-0.45%,624
"07/02/2023 23:30",499,499.5,498,499.5,0.25,+0.05%,316
"07/02/2023 23:00",499.25,499.75,499,499.25,0,0.00%,358
"07/02/2023 22:30",498.75,499.5,498,499.25,0.5,+0.10%,413
"07/02/2023 22:00",498.5,499.25,498,498.75,0.25,+0.05%,550
"07/02/2023 21:30",496.5,498.75,496.25,498.5,2,+0.40%,919
"07/02/2023 21:00",496,496.75,494.75,496.5,0.5,+0.10%,1457
"07/02/2023 20:30",492.75,496,492.75,496,3.25,+0.66%,2882
"07/02/2023 20:00",490,492.75,490,492.75,2.5,+0.51%,1516
"07/02/2023 19:30",490.75,492,489.5,490.25,-0.5,-0.10%,2868
"07/02/2023 19:00",492.25,494.5,488.75,490.75,-4.25,-0.86%,15105
"06/30/2023 13:00",500.25,503.75,493,495,-5.25,-1.05%,35307
"06/30/2023 12:30",508.5,508.5,494,500.25,-8.5,-1.67%,32624
"06/30/2023 12:00",509,510,505.25,508.75,-0.25,-0.05%,14500
"06/30/2023 11:30",512.25,513,505.75,509,-3.5,-0.68%,22443
"06/30/2023 11:00",532.75,537.5,506.25,512.5,-20,-3.76%,99685
"06/30/2023 10:30",530.75,533.25,530.25,532.5,1.75,+0.33%,7590
"06/30/2023 10:00",529,531.75,528.5,530.75,1.5,+0.28%,4972
"06/30/2023 09:30",533.75,533.75,528.25,529.25,-4.75,-0.89%,10725
"06/30/2023 09:00",535.25,535.25,533.25,534,-1,-0.19%,5836
"06/30/2023 08:30",534,536,532.25,535,2.75,+0.52%,14461
"06/30/2023 07:30",531,532.75,530.75,532.25,1.5,+0.28%,1110
"06/30/2023 07:00",529.75,531.25,529.5,530.75,1,+0.19%,1238
"06/30/2023 06:30",532.25,532.5,528.75,529.75,-2.5,-0.47%,2151
"06/30/2023 06:00",531.75,532.25,529.5,532.25,0.5,+0.09%,980
"06/30/2023 05:30",533.25,533.25,530,531.75,-1.5,-0.28%,2342
"06/30/2023 05:00",534.25,535.25,533,533.25,-1.25,-0.23%,685
"06/30/2023 04:30",535,535.75,534.25,534.5,-0.75,-0.14%,652
"06/30/2023 04:00",535.5,536.5,535.25,535.25,0,0.00%,406
"06/30/2023 03:30",536,537.25,534.75,535.25,-0.75,-0.14%,1083
"06/30/2023 03:00",536,537,535.5,536,0.25,+0.05%,947
"06/30/2023 02:30",534.75,535.75,534,535.75,1.25,+0.23%,804
"06/30/2023 02:00",534.5,534.75,533.25,534.5,0,0.00%,781
"06/30/2023 01:30",535,535.5,534,534.5,-0.5,-0.09%,496
"06/30/2023 01:00",535.75,536.25,534.5,535,-1,-0.19%,606
"06/30/2023 00:30",536.5,536.75,535.75,536,0,0.00%,454
"06/30/2023 00:00",535.5,536.5,535.5,536,0.5,+0.09%,283
"06/29/2023 23:30",536.25,536.25,535.5,535.5,-0.5,-0.09%,314
"06/29/2023 23:00",536,536.5,536,536,0,0.00%,283
"06/29/2023 22:30",535.75,536.25,535.25,536,0.25,+0.05%,205
"06/29/2023 22:00",535,536,535,535.75,0.75,+0.14%,397
"06/29/2023 21:30",535.25,535.5,534.5,535,-0.25,-0.05%,741
"06/29/2023 21:00",535.75,536.25,534.75,535.25,-0.75,-0.14%,1217
"06/29/2023 20:30",536.5,536.5,535.5,536,-0.5,-0.09%,636
"06/29/2023 20:00",533.25,536.75,533.25,536.5,3.25,+0.61%,1296
"06/29/2023 19:30",534,535.75,533.25,533.25,-0.75,-0.14%,1819
"06/29/2023 19:00",532,534.5,530.5,534,5.75,+1.09%,5960
"06/29/2023 13:00",528.25,529,526.25,528.25,0.25,+0.05%,13813
"06/29/2023 12:30",528.5,530.25,527.75,528,-0.5,-0.09%,6361
"06/29/2023 12:00",532,533.75,527,528.5,-3.5,-0.66%,9383
"06/29/2023 11:30",531.5,532.75,528.75,532,0.5,+0.09%,8588
"06/29/2023 11:00",531,533,529.5,531.5,0.75,+0.14%,6202
"06/29/2023 10:30",531.5,532.5,529.5,530.75,-0.75,-0.14%,5909
"06/29/2023 10:00",532.75,535,528,531.5,-1.25,-0.23%,17179
"06/29/2023 09:30",534.5,535,532.25,532.75,-1.75,-0.33%,8801
"06/29/2023 09:00",536.5,536.75,532.75,534.5,-1.75,-0.33%,10076
"06/29/2023 08:30",535,540,534,536.25,2.25,+0.42%,21589
"06/29/2023 07:30",533.75,534.75,532.25,534,0,0.00%,2265
"06/29/2023 07:00",534,534.75,533.5,534,0,0.00%,2945
"06/29/2023 06:30",536.25,536.25,533.75,534,-2.25,-0.42%,2765
"06/29/2023 06:00",536.75,537.25,536,536.25,-0.5,-0.09%,925
"06/29/2023 05:30",538.75,538.75,536.25,536.75,-2.25,-0.42%,1894
"06/29/2023 05:00",540.5,540.5,538.25,539,-1.75,-0.32%,499
"06/29/2023 04:30",536.75,541.75,536.75,540.75,3.75,+0.70%,1795
"06/29/2023 04:00",536.25,538,536,537,0.75,+0.14%,1003
"06/29/2023 03:30",537.75,537.75,536,536.25,-1.25,-0.23%,1179
"06/29/2023 03:00",539.25,539.75,537,537.5,-2,-0.37%,3231
"06/29/2023 02:30",541.25,542,538.75,539.5,-2.25,-0.42%,1236
"06/29/2023 02:00",541.75,543,540.5,541.75,0,0.00%,873
"06/29/2023 01:30",540.25,543,540.25,541.75,1.5,+0.28%,769
"06/29/2023 01:00",540.75,541,540,540.25,-0.5,-0.09%,250
"06/29/2023 00:30",540.75,541.75,540,540.75,-0.25,-0.05%,463
"06/29/2023 00:00",542.25,542.5,540.75,541,-1.25,-0.23%,547
"06/28/2023 23:30",541.25,542.25,540.75,542.25,1,+0.18%,208
"06/28/2023 23:00",542,542,541,541.25,-0.5,-0.09%,201
"06/28/2023 22:30",541.5,542.25,541.25,541.75,0.5,+0.09%,130
"06/28/2023 22:00",541.5,542.25,540.75,541.25,0,0.00%,339
"06/28/2023 21:30",540.75,541.75,540.75,541.25,0.5,+0.09%,234
"06/28/2023 21:00",541.5,541.5,538.75,540.75,-0.75,-0.14%,678
"06/28/2023 20:30",542.5,542.75,541,541.5,-1.25,-0.23%,588
"06/28/2023 20:00",541,543.25,540.75,542.75,1.5,+0.28%,1768
"06/28/2023 19:30",539.75,541.75,539.75,541.25,1.75,+0.32%,1170
"06/28/2023 19:00",539,540,537.25,539.5,1.75,+0.33%,3616
"06/28/2023 13:00",538.75,539,535.25,537.75,-0.75,-0.14%,13725
"06/28/2023 12:30",539.75,539.75,534,538.5,-1,-0.19%,17537
"06/28/2023 12:00",541,544.25,539.25,539.5,-1.5,-0.28%,9770
"06/28/2023 11:30",547,547.5,539,541,-6,-1.10%,17852
"06/28/2023 11:00",550.25,550.75,546.75,547,-3.5,-0.64%,10705
"06/28/2023 10:30",546.25,552,544.75,550.5,4,+0.73%,8372
"06/28/2023 10:00",543.75,548.5,543.5,546.5,2.5,+0.46%,8859
"06/28/2023 09:30",547.25,547.25,542.25,544,-3.25,-0.59%,12962
"06/28/2023 09:00",551.5,551.5,546,547.25,-4.25,-0.77%,9530
"06/28/2023 08:30",547,554,544.5,551.5,4.75,+0.87%,28285
"06/28/2023 07:30",546.75,548.25,546,546.75,0.25,+0.05%,2210
"06/28/2023 07:00",547.25,547.5,546.25,546.5,-1,-0.18%,2922
"06/28/2023 06:30",551,551,547,547.5,-3.25,-0.59%,4999
"06/28/2023 06:00",550.75,552,550.25,550.75,0,0.00%,1582
"06/28/2023 05:30",555,555,550.5,550.75,-4,-0.72%,2551
"06/28/2023 05:00",558.25,558.25,554.25,554.75,-3.75,-0.67%,1257
"06/28/2023 04:30",555.5,559.75,555.5,558.5,3,+0.54%,2683
"06/28/2023 04:00",553.75,555.75,552.75,555.5,2,+0.36%,1373
"06/28/2023 03:30",553.75,554.5,553,553.5,-0.5,-0.09%,1034
"06/28/2023 03:00",553.5,554.5,552.5,554,0.5,+0.09%,1453
"06/28/2023 02:30",556.75,557.5,553.5,553.5,-3,-0.54%,3268
"06/28/2023 02:00",556.25,557.75,556,556.5,0.5,+0.09%,1139
"06/28/2023 01:30",560.25,560.25,555.75,556,-4.25,-0.76%,1669
"06/28/2023 01:00",560,560.5,559.5,560.25,-0.25,-0.04%,1147
"06/28/2023 00:30",561,561.75,559.5,560.5,-0.75,-0.13%,403
"06/28/2023 00:00",560.5,561.5,560.5,561.25,1,+0.18%,263
"06/27/2023 23:30",561.25,562.5,559.5,560.25,-1,-0.18%,1075
"06/27/2023 23:00",561.5,562.25,560.5,561.25,0,0.00%,412
"06/27/2023 22:30",559.75,561.5,559.5,561.25,1.75,+0.31%,355
"06/27/2023 22:00",560.5,561.25,559.5,559.5,-1,-0.18%,330
"06/27/2023 21:30",558.25,561.5,558.25,560.5,2.25,+0.40%,766
"06/27/2023 21:00",558.5,558.5,558,558.25,-0.25,-0.04%,261
"06/27/2023 20:30",558.25,558.5,557.25,558.5,0.25,+0.04%,551
"06/27/2023 20:00",560.25,560.25,558,558.25,-2,-0.36%,537
"06/27/2023 19:30",559.5,560.75,558.75,560.25,0.75,+0.13%,405
"06/27/2023 19:00",562,562.25,557.75,559.5,-1,-0.18%,2910
"06/27/2023 13:00",565,565,559.5,560.5,-4.25,-0.75%,11915
"06/27/2023 12:30",562.75,566,562.5,564.75,2,+0.36%,8973
"06/27/2023 12:00",559.5,563,559.25,562.75,3.5,+0.63%,9837
"06/27/2023 11:30",557.75,560.5,555,559.25,1.75,+0.31%,12062
"06/27/2023 11:00",559.75,561.25,556.5,557.5,-2.25,-0.40%,8071
"06/27/2023 10:30",560.75,562.5,558.5,559.75,-1,-0.18%,7160
"06/27/2023 10:00",559.75,563.25,558.75,560.75,1.25,+0.22%,8539
"06/27/2023 09:30",565,565.25,559.5,559.5,-5.75,-1.02%,9721
"06/27/2023 09:00",562.5,566,561.5,565.25,2.75,+0.49%,11625
"06/27/2023 08:30",566,569,558.5,562.5,-3.25,-0.57%,30912
"06/27/2023 07:30",567.5,568,565.5,565.75,-1.75,-0.31%,2086
"06/27/2023 07:00",567.75,570,567.25,567.5,-0.5,-0.09%,4875
"06/27/2023 06:30",567.5,568.5,564.25,568,0.5,+0.09%,6457
"06/27/2023 06:00",575.75,576,567.25,567.5,-8.25,-1.43%,5185
"06/27/2023 05:30",575.25,576,573.75,575.75,0.5,+0.09%,718
"06/27/2023 05:00",574,575.5,573.5,575.25,1.25,+0.22%,711
"06/27/2023 04:30",573.25,576.25,572.75,574,0.75,+0.13%,2164
"06/27/2023 04:00",575,575.25,572.5,573.25,-2,-0.35%,3094
"06/27/2023 03:30",578.25,578.5,575.25,575.25,-3.25,-0.56%,2156
"06/27/2023 03:00",577.75,579,576.5,578.5,0.75,+0.13%,1138
"06/27/2023 02:30",578.5,579.5,577,577.75,-0.75,-0.13%,1509
"06/27/2023 02:00",583,583,578.5,578.5,-4.5,-0.77%,2785
"06/27/2023 01:30",585.25,585.5,582.75,583,-2.25,-0.38%,882
"06/27/2023 01:00",586,587.75,585,585.25,-0.75,-0.13%,521
"06/27/2023 00:30",583.75,586.5,583.75,586,2.25,+0.39%,462
"06/27/2023 00:00",585.5,585.5,583.5,583.75,-2,-0.34%,972
"06/26/2023 23:30",587.25,588.5,585.75,585.75,-1.5,-0.26%,1149
"06/26/2023 23:00",587.75,588.25,587,587.25,-0.5,-0.09%,180
"06/26/2023 22:30",587.75,589,587.5,587.75,-0.25,-0.04%,562
"06/26/2023 22:00",586.5,588,586.5,588,1.75,+0.30%,608
"06/26/2023 21:30",585.75,586.25,584.5,586.25,0.5,+0.09%,656
"06/26/2023 21:00",586.75,587,584.5,585.75,-0.75,-0.13%,414
"06/26/2023 20:30",585.5,587,585.25,586.5,1.25,+0.21%,793
"06/26/2023 20:00",585,587,583.5,585.25,0.5,+0.09%,1627
"06/26/2023 19:30",586.25,586.5,582.5,584.75,-1.5,-0.26%,2128
"06/26/2023 19:00",593.75,594.5,586,586.25,-1.75,-0.30%,16959
"06/26/2023 13:00",587.75,590.25,587.25,588,0.25,+0.04%,9717
"06/26/2023 12:30",582.5,587.75,582.25,587.75,5.5,+0.94%,4881
"06/26/2023 12:00",583.75,586,581.75,582.25,-1.5,-0.26%,4319
"06/26/2023 11:30",586,586,581,583.75,-2.25,-0.38%,11547
"06/26/2023 11:00",589.5,591,585,586,-3.5,-0.59%,8248
"06/26/2023 10:30",589,591,588.25,589.5,0.5,+0.08%,5838
"06/26/2023 10:00",588.75,589.75,586,589,0.25,+0.04%,7278
"06/26/2023 09:30",596.5,596.5,587.25,588.75,-7.75,-1.30%,14907
"06/26/2023 09:00",597.5,600.75,596,596.5,-1.25,-0.21%,13653
"06/26/2023 08:30",588,598,584.25,597.75,10.25,+1.74%,25860
"06/26/2023 07:30",589.25,589.25,587,587.5,-1.75,-0.30%,1411
"06/26/2023 07:00",592,592.75,588.75,589.25,-2.5,-0.42%,4374
"06/26/2023 06:30",587,592,585,591.75,4.75,+0.81%,3260
"06/26/2023 06:00",587.75,588.5,586.75,587,-0.75,-0.13%,944
"06/26/2023 05:30",589.5,589.75,587.5,587.75,-2,-0.34%,1152
"06/26/2023 05:00",587.75,589.75,587.25,589.75,2,+0.34%,1125
"06/26/2023 04:30",585,587.75,585,587.75,3,+0.51%,655
"06/26/2023 04:00",586,587,584.5,584.75,-1,-0.17%,944
"06/26/2023 03:30",588.5,589,585,585.75,-2.75,-0.47%,1047
"06/26/2023 03:00",586.75,588.5,586.25,588.5,1.5,+0.26%,876
"06/26/2023 02:30",584,587,582.5,587,3,+0.51%,1570
"06/26/2023 02:00",585.5,586.5,582.25,584,-2,-0.34%,1751
"06/26/2023 01:30",586.5,589,586,586,-0.5,-0.09%,1819
"06/26/2023 01:00",585.25,587,585,586.5,1.25,+0.21%,396
"06/26/2023 00:30",587,587.25,585.25,585.25,-2,-0.34%,587
"06/26/2023 00:00",586.25,587.25,585.25,587.25,1,+0.17%,882
"06/25/2023 23:30",586,586.75,585.75,586.25,0.25,+0.04%,289
"06/25/2023 23:00",585.75,586.25,585.75,586,0,0.00%,137
"06/25/2023 22:30",585.75,586.5,585.75,586,0.75,+0.13%,192
"06/25/2023 22:00",585.5,586.5,585,585.25,0.25,+0.04%,149
"06/25/2023 21:30",586.5,586.5,583.5,585,-1.5,-0.26%,493
"06/25/2023 21:00",586.5,586.75,585.5,586.5,0.25,+0.04%,398
"06/25/2023 20:30",586,588.25,585.75,586.25,0.25,+0.04%,1719
"06/25/2023 20:00",583.5,586.25,582,586,2.75,+0.47%,2602
"06/25/2023 19:30",580.25,583.5,580.25,583.25,3,+0.52%,2165
"06/25/2023 19:00",594,594,575.5,580.25,-4,-0.68%,19850
"06/23/2023 13:00",589,589.5,584,584.25,-4.75,-0.81%,18151
"06/23/2023 12:30",586.5,590.75,586.5,589,2.5,+0.43%,9261
"06/23/2023 12:00",587,588.75,586,586.5,-0.25,-0.04%,5865
"06/23/2023 11:30",585.25,587.5,583.5,586.75,1.5,+0.26%,8120
"06/23/2023 11:00",591.25,591.5,584.75,585.25,-6.25,-1.06%,10487
"06/23/2023 10:30",589.5,591.75,588.5,591.5,2,+0.34%,10145
"06/23/2023 10:00",589,590.5,586.5,589.5,0.5,+0.08%,9403
"06/23/2023 09:30",587.25,591,586,589,2,+0.34%,14403
"06/23/2023 09:00",593.5,595.25,584.25,587,-6.5,-1.10%,32250
"06/23/2023 08:30",599,603,591.25,593.5,-6.75,-1.12%,36278
"06/23/2023 07:30",600.75,601.25,599.5,600.25,-0.75,-0.12%,2552
"06/23/2023 07:00",602,602.5,599,601,-1,-0.17%,3805
"06/23/2023 06:30",606,606,601.5,602,-4,-0.66%,1944
"06/23/2023 06:00",602.5,606.5,602.5,606,3.5,+0.58%,1121
"06/23/2023 05:30",603.5,603.75,601.5,602.5,-1,-0.17%,1155
"06/23/2023 05:00",604.75,606.25,602.75,603.5,-1.25,-0.21%,2035
"06/23/2023 04:30",602,605.5,601.25,604.75,3,+0.50%,2549
"06/23/2023 04:00",601.5,602.25,598.75,601.75,0,0.00%,3783
"06/23/2023 03:30",605.25,605.25,601.5,601.75,-3.75,-0.62%,1887
"06/23/2023 03:00",606.25,606.75,604.5,605.5,-0.5,-0.08%,1276
"06/23/2023 02:30",605.5,606.5,604.75,606,0.5,+0.08%,1034
"06/23/2023 02:00",608.75,609.25,604.75,605.5,-3.25,-0.53%,3227
"06/23/2023 01:30",611.25,612.25,608.25,608.75,-2.25,-0.37%,1202
"06/23/2023 01:00",612,612.5,610.75,611,-1,-0.16%,528
"06/23/2023 00:30",610.25,612.5,610.25,612,2,+0.33%,887
"06/23/2023 00:00",609.75,610.75,609.25,610,0.25,+0.04%,1019
"06/22/2023 23:30",608,610.25,607.5,609.75,1.75,+0.29%,898
"06/22/2023 23:00",608.75,608.75,607.5,608,-0.75,-0.12%,1018
"06/22/2023 22:30",609,609.25,608.5,608.75,-0.5,-0.08%,380
"06/22/2023 22:00",609.5,609.75,609,609.25,0,0.00%,189
"06/22/2023 21:30",609.75,611,608.5,609.25,-0.25,-0.04%,1011
"06/22/2023 21:00",612.75,613,609.5,609.5,-3.5,-0.57%,2264
"06/22/2023 20:30",614.75,614.75,612.5,613,-2,-0.33%,824
"06/22/2023 20:00",615.5,616,614.5,615,-0.5,-0.08%,441
"06/22/2023 19:30",614,616.75,614,615.5,1.5,+0.24%,1029
"06/22/2023 19:00",616.5,616.75,612.5,614,-6.5,-1.05%,5820
"06/22/2023 13:00",620,621,618.25,620.5,0.75,+0.12%,11499
"06/22/2023 12:30",620.25,622.75,618.5,619.75,-0.5,-0.08%,8891
"06/22/2023 12:00",622.75,625.5,619,620.25,-2.5,-0.40%,11241
"06/22/2023 11:30",618.5,624.25,618.25,622.75,4.5,+0.73%,8404
"06/22/2023 11:00",619.75,621.25,618.25,618.25,-1.25,-0.20%,8363
"06/22/2023 10:30",615.75,620,614.5,619.5,3.5,+0.57%,8627
"06/22/2023 10:00",618,619.25,613.25,616,-2.25,-0.36%,11020
"06/22/2023 09:30",620.75,624.75,616.75,618.25,-2.5,-0.40%,12215
"06/22/2023 09:00",623.25,624,619.5,620.75,-2.25,-0.36%,14517
"06/22/2023 08:30",620,625.25,617.25,623,5,+0.81%,24845
"06/22/2023 07:30",617.25,618.5,616.5,618,0.75,+0.12%,1799
"06/22/2023 07:00",618.75,619.25,616.5,617.25,-1.75,-0.28%,3144
"06/22/2023 06:30",618.5,619.75,617,619,0.5,+0.08%,2157
"06/22/2023 06:00",619.75,620.5,617.25,618.5,-1.5,-0.24%,2807
"06/22/2023 05:30",622.75,623.25,618.5,620,-3,-0.48%,4598
"06/22/2023 05:00",624.5,624.75,622.75,623,-1.5,-0.24%,408
"06/22/2023 04:30",625,625.25,623,624.5,-0.5,-0.08%,839
"06/22/2023 04:00",624.75,626,623.25,625,0.25,+0.04%,1571
"06/22/2023 03:30",624.75,625.5,624.25,624.75,0,0.00%,586
"06/22/2023 03:00",623.75,625.5,623.25,624.75,1,+0.16%,975
"06/22/2023 02:30",621.75,624,621.5,623.75,2,+0.32%,810
"06/22/2023 02:00",622.25,623.25,621.25,621.75,-0.5,-0.08%,1978
"06/22/2023 01:30",622,622.5,621.5,622.25,0.5,+0.08%,361
"06/22/2023 01:00",622.25,622.25,621.5,621.75,-0.25,-0.04%,303
"06/22/2023 00:30",622.75,622.75,622,622,-0.5,-0.08%,605
"06/22/2023 00:00",622.5,623.5,622,622.5,-0.25,-0.04%,563
"06/21/2023 23:30",623.25,623.75,622.5,622.75,-0.75,-0.12%,359
"06/21/2023 23:00",624,624.25,623,623.5,-0.75,-0.12%,262
"06/21/2023 22:30",624,624.75,624,624.25,0,0.00%,183
"06/21/2023 22:00",623.5,624.5,623.5,624.25,0.75,+0.12%,276
"06/21/2023 21:30",622.75,623.5,622.5,623.5,0.75,+0.12%,428
"06/21/2023 21:00",624.75,624.75,622.5,622.75,-2,-0.32%,538
"06/21/2023 20:30",626.5,626.5,624.5,624.75,-1.75,-0.28%,428
"06/21/2023 20:00",623.5,626.5,623.5,626.5,3,+0.48%,786
"06/21/2023 19:30",624.5,624.75,623,623.5,-1.25,-0.20%,916
"06/21/2023 19:00",624.75,626.5,621,624.75,-4.75,-0.75%,7815
"06/21/2023 13:00",624.5,629.75,624.5,629.5,4.75,+0.76%,23836
"06/21/2023 12:30",622,624.75,621,624.75,2.75,+0.44%,9809
"06/21/2023 12:00",619,622.75,618.75,622,3,+0.48%,7663
"06/21/2023 11:30",618.25,621.5,617.5,619,1,+0.16%,7961
"06/21/2023 11:00",622,623,618,618,-4,-0.64%,8336
"06/21/2023 10:30",621.75,622.25,620.5,622,0.25,+0.04%,5841
"06/21/2023 10:00",618.5,622.5,618,621.75,3.25,+0.53%,8614
"06/21/2023 09:30",621.5,623.25,617.5,618.5,-3,-0.48%,12049
"06/21/2023 09:00",624,626.25,619.5,621.5,-2.5,-0.40%,22471
"06/21/2023 08:30",613.75,624.5,612.75,624,10.25,+1.67%,31222
"06/21/2023 07:30",613.25,615,613.25,613.75,0.25,+0.04%,2930
"06/21/2023 07:00",614.75,615,612.5,613.5,-1.5,-0.24%,3690
"06/21/2023 06:30",617.25,617.25,614.25,615,-2.25,-0.36%,1739
"06/21/2023 06:00",615.25,617.25,614.75,617.25,1.75,+0.28%,2357
"06/21/2023 05:30",615,615.75,614.5,615.5,0.75,+0.12%,1579
"06/21/2023 05:00",613.5,615,612.75,614.75,1.25,+0.20%,1298
"06/21/2023 04:30",612.75,613.75,612,613.5,1,+0.16%,511
"06/21/2023 04:00",611.75,613,611.5,612.5,0.75,+0.12%,757
"06/21/2023 03:30",612.25,612.75,610.5,611.75,-0.5,-0.08%,701
"06/21/2023 03:00",611.75,612.75,611.5,612.25,0.75,+0.12%,878
"06/21/2023 02:30",608,611.5,608,611.5,3.5,+0.58%,1373
"06/21/2023 02:00",608,609,607.5,608,0.25,+0.04%,754
"06/21/2023 01:30",608.75,609,607,607.75,-1.25,-0.21%,686
"06/21/2023 01:00",608.5,609,607.75,609,0.5,+0.08%,582
"06/21/2023 00:30",609.75,610.25,608,608.5,-1.25,-0.21%,1060
"06/21/2023 00:00",611.25,611.75,609.75,609.75,-1.25,-0.20%,412
"06/20/2023 23:30",613.75,613.75,610.25,611,-2.5,-0.41%,806
"06/20/2023 23:00",613,614,613,613.5,0.75,+0.12%,965
"06/20/2023 22:30",611,613,610.75,612.75,1.75,+0.29%,447
"06/20/2023 22:00",609.5,611.75,609.25,611,1.5,+0.25%,942
"06/20/2023 21:30",610,610.5,609,609.5,-0.75,-0.12%,466
"06/20/2023 21:00",612,612,609.25,610.25,-2,-0.33%,806
"06/20/2023 20:30",612.75,612.75,611.5,612.25,-0.5,-0.08%,578
"06/20/2023 20:00",611.5,613,610,612.75,1.5,+0.25%,2189
"06/20/2023 19:30",605.5,611.75,605,611.25,6,+0.99%,5179
"06/20/2023 19:00",609,611.5,604.5,605.25,8.75,+1.47%,20686
"06/20/2023 13:00",597.5,598.75,596.5,596.5,-1,-0.17%,9002
"06/20/2023 12:30",597,598.5,594.75,597.5,0.75,+0.13%,8230
"06/20/2023 12:00",594.5,596.75,594.25,596.75,2.25,+0.38%,4340
"06/20/2023 11:30",591,595.5,590.75,594.5,3.75,+0.63%,8255
"06/20/2023 11:00",595,595.25,590,590.75,-4,-0.67%,12591
"06/20/2023 10:30",598.5,600.75,594.75,594.75,-3.75,-0.63%,7577
"06/20/2023 10:00",600.25,601.75,597,598.5,-2,-0.33%,7846
"06/20/2023 09:30",598.25,601.5,597,600.5,2.25,+0.38%,11120
"06/20/2023 09:00",595.75,599.75,595,598.25,2.5,+0.42%,10564
"06/20/2023 08:30",595.25,598.5,590.5,595.75,-1,-0.17%,31930
"06/20/2023 07:30",594.75,597.25,594.75,596.75,2,+0.34%,1292
"06/20/2023 07:00",591.25,596.75,590.5,594.75,3.5,+0.59%,4721
"06/20/2023 06:30",591.75,592,590,591.25,-0.5,-0.08%,2014
"06/20/2023 06:00",592.5,592.75,588.5,591.75,-1,-0.17%,4871
"06/20/2023 05:30",592.5,595,592,592.75,0.5,+0.08%,1302
"06/20/2023 05:00",593,593.75,592,592.25,-0.75,-0.13%,892
"06/20/2023 04:30",593.5,594.5,591.75,593,-0.5,-0.08%,2068
"06/20/2023 04:00",593.25,594.75,592,593.5,0.25,+0.04%,2453
"06/20/2023 03:30",593.5,594,591.75,593.25,-0.25,-0.04%,2319
"06/20/2023 03:00",595.5,596,592.75,593.5,-2,-0.34%,3047
"06/20/2023 02:30",600,600,595,595.5,-4.75,-0.79%,4367
"06/20/2023 02:00",601.5,602.25,600.25,600.25,-1.5,-0.25%,1209
"06/20/2023 01:30",600.5,601.75,598.5,601.75,1.25,+0.21%,2171
"06/20/2023 01:00",603.25,603.25,600,600.5,-2.75,-0.46%,1102
"06/20/2023 00:30",604.25,604.75,602.75,603.25,-1,-0.17%,766
"06/20/2023 00:00",605.75,606,604,604.25,-1.5,-0.25%,340
"06/19/2023 23:30",606.25,606.5,605.75,605.75,-0.75,-0.12%,336
"06/19/2023 23:00",607,607,606.5,606.5,-0.5,-0.08%,133
"06/19/2023 22:30",607.5,607.75,607,607,-0.5,-0.08%,243
"06/19/2023 22:00",606.75,607.5,606.5,607.5,0.75,+0.12%,251
"06/19/2023 21:30",605.5,607,605.5,606.75,1.25,+0.21%,520
"06/19/2023 21:00",604.5,605.5,604.25,605.5,1,+0.17%,397
"06/19/2023 20:30",605,606.5,603.75,604.5,-0.5,-0.08%,1320
"06/19/2023 20:00",607.5,607.5,603.75,605,-2.75,-0.45%,2154
"06/19/2023 19:30",606.25,609,606.25,607.75,1.75,+0.29%,3135
"06/19/2023 19:00",600,608.5,600,606,8.25,+1.38%,25949
"06/16/2023 13:00",593.5,598,593.5,597.75,4,+0.67%,24690
"06/16/2023 12:30",593.25,594.75,591.5,593.75,0.25,+0.04%,13238
"06/16/2023 12:00",589,594,589,593.5,4.75,+0.81%,11064
"06/16/2023 11:30",587.75,592,587.5,588.75,1,+0.17%,12474
"06/16/2023 11:00",587.25,588.5,583.25,587.75,0.5,+0.09%,13443
"06/16/2023 10:30",587.25,589.25,582.5,587.25,0,0.00%,16598
"06/16/2023 10:00",594,594.5,586.5,587.25,-7,-1.18%,15572
"06/16/2023 09:30",591.25,595.75,591,594.25,3,+0.51%,14880
"06/16/2023 09:00",591,592.75,589.5,591.25,0,0.00%,16770
"06/16/2023 08:30",586,594,586,591.25,5,+0.85%,36326
"06/16/2023 07:30",586.25,587,586,586.25,0,0.00%,1988
"06/16/2023 07:00",584.75,586.5,584,586.25,1.75,+0.30%,3088
"06/16/2023 06:30",585.25,586.5,584.25,584.5,-0.75,-0.13%,3085
"06/16/2023 06:00",584,586,583.75,585.25,1.5,+0.26%,2820
"06/16/2023 05:30",582.5,584,582.5,583.75,1.25,+0.21%,2220
"06/16/2023 05:00",582,582.5,581.5,582.5,0.25,+0.04%,804
"06/16/2023 04:30",581,582.25,581,582.25,1,+0.17%,750
"06/16/2023 04:00",582.75,582.75,581,581.25,-1.5,-0.26%,1027
"06/16/2023 03:30",582.5,583,582,582.75,0.25,+0.04%,1464
"06/16/2023 03:00",581.75,582.75,581.5,582.5,0.75,+0.13%,1179
"06/16/2023 02:30",580,582.25,580,581.75,1.75,+0.30%,2158
"06/16/2023 02:00",579,580.5,579,580,0.75,+0.13%,2600
"06/16/2023 01:30",578.5,579.5,577.25,579.25,0.75,+0.13%,1274
"06/16/2023 01:00",578,579.5,577.75,578.5,0.25,+0.04%,1316
"06/16/2023 00:30",578.25,578.5,578,578.25,0,0.00%,158
"06/16/2023 00:00",577.75,578.5,577.5,578.25,0.5,+0.09%,643
"06/15/2023 23:30",576.75,577.75,576.75,577.75,1,+0.17%,434
"06/15/2023 23:00",577.25,577.25,576.75,576.75,-0.5,-0.09%,298
"06/15/2023 22:30",577,577.25,576.75,577.25,0.5,+0.09%,534
"06/15/2023 22:00",576.5,576.75,576.25,576.75,0.25,+0.04%,451
"06/15/2023 21:30",576.25,576.5,575.75,576.5,0.5,+0.09%,277
"06/15/2023 21:00",576,576.25,575.5,576,0,0.00%,524
"06/15/2023 20:30",575.75,576,575.75,576,0.25,+0.04%,521
"06/15/2023 20:00",575.25,576,575.25,575.75,0.25,+0.04%,545
"06/15/2023 19:30",574.25,575.5,574,575.5,1,+0.17%,1905
"06/15/2023 19:00",573.5,575,572.5,574.5,1,+0.17%,3423
"06/15/2023 13:00",573.5,574.75,573,573.5,0,0.00%,11999
"06/15/2023 12:30",570.25,575,569.5,573.5,3.25,+0.57%,19872
"06/15/2023 12:00",567.75,570.75,567.5,570.25,2.5,+0.44%,15427
"06/15/2023 11:30",565.5,568.5,565.25,567.75,2.5,+0.44%,9223
"06/15/2023 11:00",562,566,561.75,565.25,3.25,+0.58%,7087
"06/15/2023 10:30",565.5,566,561.5,562,-3.5,-0.62%,8952
"06/15/2023 10:00",566.25,567.25,564.25,565.5,-0.75,-0.13%,7497
"06/15/2023 09:30",564.5,566.5,564,566.25,2,+0.35%,7903
"06/15/2023 09:00",567,567.5,563,564.25,-2.75,-0.49%,10095
"06/15/2023 08:30",561,567.75,561,567,6,+1.07%,26416
"06/15/2023 07:30",561.75,562.5,560.5,561,-1,-0.18%,1413
"06/15/2023 07:00",561.5,563,561.5,562,0.5,+0.09%,4097
"06/15/2023 06:30",559,561.75,558.75,561.5,2.5,+0.45%,3329
"06/15/2023 06:00",558.5,559.75,558.5,559,0.75,+0.13%,1809
"06/15/2023 05:30",558,558.75,557.75,558.25,0,0.00%,845
"06/15/2023 05:00",558.75,558.75,557.25,558.25,-0.25,-0.04%,639
"06/15/2023 04:30",557.25,558.75,557.25,558.5,1.5,+0.27%,1552
"06/15/2023 04:00",555.75,557.75,555.75,557,1,+0.18%,428
"06/15/2023 03:30",558,558,555.75,556,-2,-0.36%,1220
"06/15/2023 03:00",556,558,556,558,1.75,+0.31%,1172
"06/15/2023 02:30",556.75,557,555.5,556.25,-0.25,-0.04%,511
"06/15/2023 02:00",557,557,556,556.5,-0.75,-0.13%,243
"06/15/2023 01:30",556.75,557.75,556.5,557.25,0.25,+0.04%,516
"06/15/2023 01:00",556.5,557.25,556.25,557,0.75,+0.13%,400
"06/15/2023 00:30",554.75,557,554.75,556.25,1.75,+0.32%,938
"06/15/2023 00:00",554.25,555,553.75,554.5,0.5,+0.09%,170
"06/14/2023 23:30",554,554.75,553.75,554,-0.25,-0.05%,197
"06/14/2023 23:00",554,554.25,554,554.25,0.5,+0.09%,70
"06/14/2023 22:30",554.5,554.5,553.75,553.75,-1,-0.18%,36
"06/14/2023 22:00",554,555,553.75,554.75,0.5,+0.09%,329
"06/14/2023 21:30",554,554.5,553.5,554.25,0.25,+0.05%,179
"06/14/2023 21:00",553,554.75,552.75,554,0.75,+0.14%,593
"06/14/2023 20:30",553,553.75,553,553.25,0.5,+0.09%,261
"06/14/2023 20:00",553,553.5,552.5,552.75,-0.5,-0.09%,457
"06/14/2023 19:30",552,553.5,551.75,553.25,1.25,+0.23%,598
"06/14/2023 19:00",549.75,554.5,549.75,552,1.75,+0.32%,3838
"06/14/2023 13:00",548.5,550.5,547.75,550.25,1.75,+0.32%,6764
"06/14/2023 12:30",549.5,550.75,547.5,548.5,-1.25,-0.23%,5439
"06/14/2023 12:00",551.25,551.75,548.75,549.75,-1.5,-0.27%,3416
"06/14/2023 11:30",549.75,552.5,549.75,551.25,1.25,+0.23%,6541
"06/14/2023 11:00",547.75,550.5,547.5,550,2,+0.36%,4952
"06/14/2023 10:30",551,551,547.5,548,-2.75,-0.50%,6134
"06/14/2023 10:00",550.25,552.25,550,550.75,0.5,+0.09%,5023
"06/14/2023 09:30",549,553,548.5,550.25,1,+0.18%,8285
"06/14/2023 09:00",549.5,549.5,547.25,549.25,-0.25,-0.05%,5897
"06/14/2023 08:30",544.5,549.75,542.5,549.5,5.25,+0.96%,13612
"06/14/2023 07:30",545,545,543.5,544.25,-0.75,-0.14%,1047
"06/14/2023 07:00",544.5,545.5,543.75,545,0.5,+0.09%,2122
"06/14/2023 06:30",547,547.75,544.25,544.5,-2.25,-0.41%,1569
"06/14/2023 06:00",546.75,547,546.5,546.75,0.25,+0.05%,391
"06/14/2023 05:30",544.75,546.75,544.75,546.5,1.75,+0.32%,665
"06/14/2023 05:00",545,546,543.75,544.75,0,0.00%,629
"06/14/2023 04:30",544,545,544,544.75,0.75,+0.14%,393
"06/14/2023 04:00",543.5,545.25,543.25,544,0.5,+0.09%,517
"06/14/2023 03:30",544.5,545.25,543.5,543.5,-0.5,-0.09%,753
"06/14/2023 03:00",548,548,544,544,-4,-0.73%,1868
"06/14/2023 02:30",548.25,548.75,548,548,-0.25,-0.05%,378
"06/14/2023 02:00",547,549,546.75,548.25,1.25,+0.23%,630
"06/14/2023 01:30",547,547.25,546.75,547,0.25,+0.05%,339
"06/14/2023 01:00",547,547.25,546.75,546.75,-0.25,-0.05%,153
"06/14/2023 00:30",548,548,547,547,-1,-0.18%,540
"06/14/2023 00:00",548.25,548.5,548,548,-0.25,-0.05%,51
"06/13/2023 23:30",548.5,548.5,548,548.25,-0.25,-0.05%,79
"06/13/2023 23:00",548,549,547.75,548.5,0.5,+0.09%,241
"06/13/2023 22:30",548,548,547.75,548,-0.25,-0.05%,9
"06/13/2023 22:00",547.75,548.25,547.5,548.25,0.25,+0.05%,177
"06/13/2023 21:30",548.25,548.5,548,548,-0.25,-0.05%,179
"06/13/2023 21:00",547,548.25,546.75,548.25,1.25,+0.23%,422
"06/13/2023 20:30",547,547.25,546.75,547,0,0.00%,202
"06/13/2023 20:00",547.5,547.5,546.25,547,-0.75,-0.14%,1047
"06/13/2023 19:30",549,549.25,547.5,547.75,-1,-0.18%,691
"06/13/2023 19:00",547.25,550.5,547.25,548.75,-2.25,-0.41%,3071
"06/13/2023 13:00",551.75,552.5,550.25,551,-0.75,-0.14%,6235
"06/13/2023 12:30",553.5,553.75,551.5,551.75,-1.75,-0.32%,4492
"06/13/2023 12:00",552.25,553.5,550.75,553.5,1.25,+0.23%,8219
"06/13/2023 11:30",557.25,557.5,552.25,552.25,-4.75,-0.85%,9280
"06/13/2023 11:00",558.25,559.5,556,557,-1.5,-0.27%,8279
"06/13/2023 10:30",558.75,559.5,556.75,558.5,-0.25,-0.04%,8958
"06/13/2023 10:00",556.5,559,556.25,558.75,2.25,+0.40%,5958
"06/13/2023 09:30",556.25,557.25,555.25,556.5,0.25,+0.04%,6102
"06/13/2023 09:00",555.25,556.75,553,556.25,1,+0.18%,7135
"06/13/2023 08:30",557,557.5,552,555.25,-2,-0.36%,17248
"06/13/2023 07:30",557.75,558.75,557.25,557.25,-0.75,-0.13%,1595
"06/13/2023 07:00",554,558.75,553.75,558,4.25,+0.77%,8123
"06/13/2023 06:30",553,554,552.5,553.75,0.75,+0.14%,1196
"06/13/2023 06:00",552.25,553.5,552.25,553,0.5,+0.09%,1720
"06/13/2023 05:30",551.25,552.75,551,552.5,1,+0.18%,884
"06/13/2023 05:00",551.5,552,551,551.5,0,0.00%,1037
"06/13/2023 04:30",549.25,551.5,549.25,551.5,2.25,+0.41%,1469
"06/13/2023 04:00",549,549.5,548.5,549.25,0.25,+0.05%,406
"06/13/2023 03:30",549,549.25,548.5,549,0,0.00%,378
"06/13/2023 03:00",548.5,549.25,547.5,549,0.5,+0.09%,816
"06/13/2023 02:30",547.25,548.75,547.25,548.5,1.25,+0.23%,1262
"06/13/2023 02:00",545.5,547.5,544.75,547.25,1.5,+0.27%,1299
"06/13/2023 01:30",544.75,546,544.75,545.75,1,+0.18%,621
"06/13/2023 01:00",544.5,544.75,544,544.75,0.75,+0.14%,72
"06/13/2023 00:30",544,544,543.5,544,0,0.00%,165
"06/13/2023 00:00",544.5,544.75,544,544,-0.75,-0.14%,125
"06/12/2023 23:30",544.75,545,544.75,544.75,0,0.00%,24
"06/12/2023 23:00",545,545.25,544.75,544.75,-0.25,-0.05%,69
"06/12/2023 22:30",544.5,545,544.5,545,0.5,+0.09%,300
"06/12/2023 22:00",543.5,544.5,543.5,544.5,0.75,+0.14%,207
"06/12/2023 21:30",543.25,543.75,543.25,543.75,0.5,+0.09%,178
"06/12/2023 21:00",545.5,545.5,543.25,543.25,-2,-0.37%,380
"06/12/2023 20:30",545.5,545.75,545.25,545.25,-0.5,-0.09%,93
"06/12/2023 20:00",545.5,545.75,545,545.75,0.25,+0.05%,202
"06/12/2023 19:30",546.5,546.75,545,545.5,-1,-0.18%,327
"06/12/2023 19:00",549,549.5,546,546.5,-2.75,-0.50%,2940
"06/12/2023 13:00",547.5,550.75,547,549.25,1.75,+0.32%,18115
"06/12/2023 12:30",546.25,547.5,544.25,547.5,1.5,+0.27%,5172
"06/12/2023 12:00",546,546.75,545,546,0,0.00%,2959
"06/12/2023 11:30",545.75,546.5,545,546,0.25,+0.05%,4224
"06/12/2023 11:00",544.75,546,543.5,545.75,1,+0.18%,5120
"06/12/2023 10:30",546.75,547.5,544,544.75,-2,-0.37%,5948
"06/12/2023 10:00",546,547.5,545.5,546.75,1,+0.18%,8216
"06/12/2023 09:30",543.5,547.25,542.25,545.75,2.25,+0.41%,10365
"06/12/2023 09:00",544,545.25,543.25,543.5,-0.5,-0.09%,8800
"06/12/2023 08:30",541,545,540.25,544,2.75,+0.51%,17061
"06/12/2023 07:30",542,542.25,541,541.25,-0.75,-0.14%,1210
"06/12/2023 07:00",542.5,544.25,541.5,542,-0.75,-0.14%,1661
"06/12/2023 06:30",543.75,543.75,542.25,542.75,-1,-0.18%,1401
"06/12/2023 06:00",543.5,544.25,542.75,543.75,0.25,+0.05%,653
"06/12/2023 05:30",541.5,544,541.5,543.5,2,+0.37%,927
"06/12/2023 05:00",542.5,543,541.25,541.5,-1,-0.18%,381
"06/12/2023 04:30",541.5,543,541.5,542.5,1,+0.18%,1234
"06/12/2023 04:00",540.5,541.75,540,541.5,1,+0.19%,471
"06/12/2023 03:30",539.25,541.5,539.25,540.5,1.25,+0.23%,853
"06/12/2023 03:00",539.25,540,538.75,539.25,0,0.00%,340
"06/12/2023 02:30",538.5,539.5,538.25,539.25,0.75,+0.14%,297
"06/12/2023 02:00",538.75,539,538,538.5,-0.25,-0.05%,282
"06/12/2023 01:30",539.75,540,538.75,538.75,-1.25,-0.23%,238
"06/12/2023 01:00",539.75,540,539.25,540,0.25,+0.05%,466
"06/12/2023 00:30",539.75,539.75,539.5,539.75,0,0.00%,189
"06/12/2023 00:00",539,540,538.75,539.75,0.75,+0.14%,286
