Time,Open,High,Low,Last,Change,%Chg,Volume,"Open Int"
07/07/2023,507,509.5,493.5,494.5,-12,-2.37%,106324,0
07/06/2023,495.75,508.25,492.5,506.5,13,+2.63%,136367,540079
07/05/2023,504,504,485.5,493.5,0,0.00%,189309,530982
07/03/2023,492.25,505,488.75,493.5,-1.25,-0.25%,183951,520351
06/30/2023,532,537.5,493,494.75,-33.75,-6.39%,379665,513634
06/29/2023,539,543.25,526.25,528.5,-8.25,-1.54%,179685,509906
06/28/2023,562,562.5,534,536.75,-24.25,-4.32%,243428,504223
06/27/2023,593.75,594.5,555,561,-27.25,-4.63%,232955,507972
06/26/2023,594,600.75,575.5,588.25,0.25,+0.04%,196161,518076
06/23/2023,616.5,616.75,583.5,588,-32.75,-5.28%,253030,502009
06/22/2023,624.75,626.5,613.25,620.75,-8,-1.27%,191572,510186
06/21/2023,609,629.75,604.5,628.75,31.25,+5.23%,253488,515683
06/20/2023,600,609,588.5,597.5,0,0.00%,234223,496446
06/16/2023,573.5,598,572.5,597.5,23,+4.00%,294484,484253
06/15/2023,549.75,575,549.75,574.5,25.25,+4.60%,217470,461709
06/14/2023,547.25,553,542.5,549.25,-2,-0.36%,142562,443935
06/13/2023,549,559.5,543.25,551.25,2,+0.36%,155485,440502
06/12/2023,537,550.75,536.75,549.25,18.75,+3.53%,145022,429032
06/09/2023,531.75,533,523,530.5,-2.5,-0.47%,98794,415436
06/08/2023,526,533.5,520.25,533,2.25,+0.42%,122928,410087
06/07/2023,539,542,528.25,530.75,-10.25,-1.89%,100587,401761
06/06/2023,540.5,546.75,533,541,4,+0.74%,129403,401579
06/05/2023,543,548,535.25,537,-4.25,-0.79%,100989,397953
06/02/2023,529.75,541.75,523.5,541.25,11.25,+2.12%,115614,396405
06/01/2023,520.5,536.5,520,530,8.25,+1.58%,90885,394279
05/31/2023,526.5,526.5,511.25,521.75,-3.5,-0.67%,78869,387955
05/30/2023,534.25,536.25,517.25,525.25,-9.25,-1.73%,111900,384504
05/26/2023,515.5,535.75,514.25,534.5,18.5,+3.59%,125466,388761
05/25/2023,520,523.25,513.5,516,-4,-0.77%,69495,388073
05/24/2023,517.25,527.25,515.5,520,3.25,+0.63%,105773,386162
05/23/2023,509,519.5,504.75,516.75,7.75,+1.52%,81700,384881
05/22/2023,499,510,496.75,509,9.25,+1.85%,75167,383211
05/19/2023,500,510.75,498.5,499.75,-1,-0.20%,126067,380222
05/18/2023,499,502.5,490.75,500.75,1.75,+0.35%,120709,376445
05/17/2023,507,507.75,494,499,-6.25,-1.24%,137156,382586
05/16/2023,515.25,517.5,501,505.25,-9.75,-1.89%,87616,381817
05/15/2023,505,516.25,503.25,515,6.25,+1.23%,82633,377375
05/12/2023,512.25,519.25,504,508.75,-5,-0.97%,104082,371802
05/11/2023,518.75,519.25,512.5,513.75,-7,-1.34%,72029,365063
05/10/2023,518.25,521.25,512.25,520.75,2.5,+0.48%,95614,364249
05/09/2023,527.5,528,516.25,518.25,-11.5,-2.17%,87204,356928
05/08/2023,534.75,537,526.75,529.75,-5,-0.94%,69930,356393
05/05/2023,528.5,537,528.5,534.75,6.25,+1.18%,70798,354568
05/04/2023,531,533.25,522.75,528.5,-2,-0.38%,83007,358250
05/03/2023,518.5,531,512.5,530.5,10.75,+2.07%,91177,345682
05/02/2023,525,530.25,518,519.75,-5.5,-1.05%,88262,342139
05/01/2023,529.75,529.75,520,525.25,-2.5,-0.47%,70569,343822
04/28/2023,530.75,532.75,521.5,527.75,-3,-0.57%,101402,339505
04/27/2023,543.5,544,530.25,530.75,-12.75,-2.35%,117283,338301
04/26/2023,549,550,543,543.5,-4.75,-0.87%,49210,334385
04/25/2023,550,550,541.75,548.25,0.75,+0.14%,56692,333734
04/24/2023,548,551,542.5,547.5,-0.5,-0.09%,77453,333355
04/21/2023,557.5,559.25,546.5,548,-9.5,-1.70%,75558,329487
04/20/2023,562,563.5,554,557.5,-5.5,-0.98%,60645,326481
04/19/2023,571,571.25,562.25,563,-8,-1.40%,51990,320822
04/18/2023,565.75,571,564.75,571,4.25,+0.75%,49153,318318
04/17/2023,559.75,566.75,558.25,566.75,6.75,+1.21%,52272,312410
04/14/2023,553.5,560.5,551.25,560,6.25,+1.13%,45577,310548
04/13/2023,555,557.5,551.5,553.75,-1.75,-0.32%,38762,305475
04/12/2023,557.5,561,555,555.5,-3.75,-0.67%,37618,304118
04/11/2023,562.5,565.5,554.5,559.25,-3.5,-0.62%,36415,304389
04/10/2023,555.5,563.5,550.5,562.75,6,+1.08%,33150,302390
04/06/2023,559.25,560.5,555.25,556.75,-4,-0.71%,37057,297943
04/05/2023,560.5,563.75,556.25,560.75,0.75,+0.13%,37057,292199
04/04/2023,566,569,559,560,-7.5,-1.32%,40968,289318
04/03/2023,567,575,566,567.5,1,+0.18%,42475,287502
03/31/2023,566.5,574.5,558.25,566.5,-0.5,-0.09%,91432,282269
03/30/2023,570,572,566.5,567,-3.5,-0.61%,32182,272955
03/29/2023,571.75,576.25,569.25,570.5,-1.75,-0.31%,40963,273426
03/28/2023,569.25,573.75,566.25,572.25,2.5,+0.44%,36250,273646
03/27/2023,560.25,570,557.5,569.75,9.5,+1.70%,42409,274912
03/24/2023,551.5,560.75,549.25,560.25,8,+1.45%,39248,274759
03/23/2023,552.75,558.5,549.5,552.25,-2.25,-0.41%,38806,272966
03/22/2023,556.5,558,547.5,554.5,-2.25,-0.40%,39387,270107
03/21/2023,559.75,564.25,554.75,556.75,-3.25,-0.58%,28887,267866
03/20/2023,560,560.5,554.5,560,-1.25,-0.22%,24175,266866
03/17/2023,558.5,562,558,561.25,2.75,+0.49%,26985,266893
03/16/2023,556.75,559,553.75,558.5,1.5,+0.27%,31334,264989
03/15/2023,560.75,563.75,555.25,557,-2.25,-0.40%,32149,262933
03/14/2023,557,560.75,552.25,559.25,2,+0.36%,36071,261766
03/13/2023,558.75,561.5,552.5,557.25,-0.5,-0.09%,42143,257495
03/10/2023,553,559.25,550.75,557.75,4.25,+0.77%,35977,257869
03/09/2023,558,560.25,551.25,553.5,-4.5,-0.81%,57036,255007
03/08/2023,567,567.5,557.5,558,-9,-1.59%,55620,251969
03/07/2023,570.5,571.25,566.5,567,-3,-0.53%,31687,243815
03/06/2023,570.5,571.5,565.75,570,-1,-0.18%,23957,239368
03/03/2023,570,573.5,567.75,571,0.5,+0.09%,27568,235696
03/02/2023,569.5,571.75,565.25,570.5,1.25,+0.22%,38957,232934
03/01/2023,569.5,573.5,564,569.25,-0.5,-0.09%,51459,229431
02/28/2023,573.25,577,568.75,569.75,-6.25,-1.09%,44451,228664
02/27/2023,576,579,575,576,-0.25,-0.04%,31487,226411
02/24/2023,585.5,587,574.25,576.25,-9.25,-1.58%,42036,225181
02/23/2023,591,593,584.75,585.5,-6.5,-1.10%,34842,220750
02/22/2023,595.5,596.25,591.25,592,-4.5,-0.75%,16628,213870
02/21/2023,595,597.5,593.5,596.5,0.75,+0.13%,23731,210680
02/17/2023,592.75,596.25,591.75,595.75,2.25,+0.38%,16000,208020
02/16/2023,595,595.5,593,593.5,-1.75,-0.29%,15044,207093
02/15/2023,597,597.25,593.75,595.25,-2.5,-0.42%,14622,205931
02/14/2023,596,598.75,594.75,597.75,1,+0.17%,18322,205237
02/13/2023,595.25,596.75,591.75,596.75,0.75,+0.13%,16201,202626
02/10/2023,590,597.5,589.75,596,5.5,+0.93%,19487,199200
02/09/2023,595.5,596,590.5,590.5,-5,-0.84%,16405,196694
02/08/2023,593,596,591.5,595.5,2,+0.34%,20430,194102
02/07/2023,596.75,597.5,592.5,593.5,-4.25,-0.71%,14404,193950
02/06/2023,595.25,598.75,592,597.75,1.75,+0.29%,20498,192773
02/03/2023,594.5,597.25,591.5,596,1,+0.17%,16671,188515
02/02/2023,596,598.25,593.25,595,-1.25,-0.21%,22186,187297
02/01/2023,590,596.75,589.25,596.25,5.5,+0.93%,22507,185639
01/31/2023,589.75,594.75,588,590.75,1,+0.17%,15574,181107
01/30/2023,588,591.5,587,589.75,2.5,+0.43%,17029,178539
01/27/2023,589.5,590,586,587.25,-2.75,-0.47%,18335,175577
01/26/2023,588,592.5,586.5,590,2,+0.34%,16879,173909
01/25/2023,591.25,593.75,587.75,588,-3.25,-0.55%,15474,171253
01/24/2023,586,591.75,585,591.25,5.25,+0.90%,15546,169368
01/23/2023,594,594,583.75,586,-9.75,-1.64%,17316,168118
01/20/2023,595,597,594.5,595.75,-0.5,-0.08%,12358,167016
01/19/2023,600,603.25,595.5,596.25,-4.75,-0.79%,15901,165696
01/18/2023,603,606,598.75,601,-2.75,-0.46%,22925,164338
01/17/2023,595.75,604.5,594,603.75,5.25,+0.88%,25393,165781
01/13/2023,596,598.75,595,598.5,2.5,+0.42%,19180,162232
01/12/2023,588.75,599.25,583.75,596,6.75,+1.15%,38590,162810
01/11/2023,589,592,587.5,589.25,0,0.00%,14328,163241
01/10/2023,589.75,595,586.5,589.25,-1,-0.17%,16599,160513
01/09/2023,591.5,593.5,589.5,590.25,-0.75,-0.13%,8703,159387
01/06/2023,591,594.75,590.25,591,-0.25,-0.04%,10197,158985
01/05/2023,594.5,597,589.25,591.25,-3.5,-0.59%,13754,158615
01/04/2023,605.5,607,593.75,594.75,-12,-1.98%,20098,158260
01/03/2023,609,611,604.25,606.75,-4,-0.65%,14921,156251
12/30/2022,612,613.75,608,610.75,-1.75,-0.29%,9566,153707
12/29/2022,610.5,612.5,608.5,612.5,0.75,+0.12%,11083,152440
12/28/2022,606.25,612,605.5,611.75,4.75,+0.78%,11791,150267
12/27/2022,603.25,607,602.25,607,5.25,+0.87%,11519,149847
12/23/2022,600,605,600,601.75,0.5,+0.08%,12750,149436
12/22/2022,602,603.5,600.25,601.25,-1,-0.17%,5980,148726
12/21/2022,596,602.75,595,602.25,6,+1.01%,10665,147108
12/20/2022,595.75,599,593.5,596.25,1,+0.17%,9674,145766
12/19/2022,597,597.25,593,595.25,-2.25,-0.38%,11092,146353
12/16/2022,597.75,599,596,597.5,-0.5,-0.08%,5218,146583
12/15/2022,597.25,599.75,596.25,598,1.75,+0.29%,12209,147273
12/14/2022,596,598,592,596.25,0.25,+0.04%,10406,146345
12/13/2022,597.25,601.25,595.25,596,-1,-0.17%,13395,147303
12/12/2022,593,600,592.5,597,4,+0.67%,14688,147268
12/09/2022,594.25,598.25,592,593,-1.5,-0.25%,10255,147384
12/08/2022,597,597.25,593,594.5,-1.75,-0.29%,9016,146859
12/07/2022,592.75,597.5,591.5,596.25,3,+0.51%,12832,146484
12/06/2022,595.5,598.25,590.5,593.25,-2,-0.34%,20608,145859
12/05/2022,598,599.5,594.75,595.25,-2.75,-0.46%,11671,145562
12/02/2022,601,602,597.25,598,-3.25,-0.54%,25517,145212
12/01/2022,605.5,607.5,600,601.25,-5.25,-0.87%,15907,140624
11/30/2022,610.75,613.75,602.5,606.5,-5,-0.82%,18002,138326
11/29/2022,610.25,614.25,608,611.5,0.5,+0.08%,10807,140150
11/28/2022,608.25,611.5,605.75,611,0.25,+0.04%,10329,139625
11/25/2022,607,613,606.25,610.75,2.25,+0.37%,5808,139075
11/23/2022,605,609,604,608.5,3.25,+0.54%,7775,138717
11/22/2022,605.25,609.75,604,605.25,-2,-0.33%,7898,137968
11/21/2022,610,610,604.75,607.25,-3.25,-0.53%,7671,137670
11/18/2022,611.75,614.25,607.75,610.5,-1,-0.16%,8321,136256
11/17/2022,613.25,613.75,607,611.5,-3,-0.49%,14083,135683
11/16/2022,614.25,615.75,608.25,614.5,0.25,+0.04%,11896,133719
11/15/2022,606.25,619.25,603.5,614.25,7,+1.15%,15405,133348
11/14/2022,608,610,604.5,607.25,-2.5,-0.41%,13811,132790
11/11/2022,608,613.25,607,609.75,2,+0.33%,15032,131082
11/10/2022,614.25,615.75,606.5,607.75,-6.5,-1.06%,18516,128977
11/09/2022,619,620,612.5,614.25,-5,-0.81%,22049,127903
11/08/2022,623.25,624.75,618.25,619.25,-4.25,-0.68%,15384,126383
11/07/2022,623.25,626.25,621.5,623.5,-2,-0.32%,12290,125857
11/04/2022,623.75,628.25,623.25,625.5,1.75,+0.28%,9942,125354
11/03/2022,624,625.75,621.25,623.75,-1.25,-0.20%,13289,123127
11/02/2022,628.25,629.25,620.25,625,-4.5,-0.71%,16901,121159
11/01/2022,624.25,630.75,623,629.5,3.75,+0.60%,10045,120929
10/31/2022,626,630,619,625.75,4.75,+0.76%,17525,119822
10/28/2022,621.5,622.25,617.5,621,-0.75,-0.12%,5492,116776
10/27/2022,623,625.75,619.25,621.75,-1.75,-0.28%,6428,115785
10/26/2022,623.5,628,622.5,623.5,-2.25,-0.36%,6597,114558
10/25/2022,621.5,626.75,620,625.75,3.25,+0.52%,4177,113864
10/24/2022,623.75,624.25,619.5,622.5,-2,-0.32%,6862,112534
10/21/2022,623.75,628.25,619.5,624.5,-0.5,-0.08%,5692,111070
10/20/2022,620,626.25,619.25,625,4.5,+0.73%,5911,110152
10/19/2022,621.5,624,616.75,620.5,-1.25,-0.20%,5230,109529
10/18/2022,624.5,624.5,615.25,621.75,-2.75,-0.44%,8879,108848
10/17/2022,628.25,629.75,622.75,624.5,-4.5,-0.72%,4170,108724
10/14/2022,635,637.25,628,629,-7,-1.10%,6181,108356
10/13/2022,631.75,636.75,627.75,636,3.5,+0.55%,8856,107974
10/12/2022,630.5,635.5,623.75,632.5,0.75,+0.12%,8869,107373
10/11/2022,631.25,634,627.75,631.75,-1.75,-0.28%,6691,106079
10/10/2022,625,635.75,624,633.5,9,+1.44%,10984,106230
10/07/2022,620.75,625,617.5,624.5,3.75,+0.60%,7141,105715
10/06/2022,621.25,622.25,616.25,620.75,-0.75,-0.12%,8043,104850
10/05/2022,619.25,623.25,615.75,621.5,2.25,+0.36%,6920,103808
10/04/2022,615,622.5,612.25,619.25,4,+0.65%,7466,102349
10/03/2022,616.75,622.5,611.75,615.25,-1.5,-0.24%,7945,101730
09/30/2022,614,628.25,613.5,616.75,2.75,+0.45%,13804,100603
09/29/2022,613,618.75,611.5,614,0.25,+0.04%,7865,99780
09/28/2022,611,615.75,606.75,613.75,3.5,+0.57%,6112,100011
09/27/2022,611,618.75,610.25,610.25,-0.75,-0.12%,5686,99957
09/26/2022,615,616,610,611,-5.75,-0.93%,8743,99300
09/23/2022,629.5,630.75,615,616.75,-13.25,-2.10%,8942,98779
09/22/2022,627,631.25,624.25,630,2.75,+0.44%,6285,98526
09/21/2022,630,634,623.25,627.25,-3.75,-0.59%,6848,97967
09/20/2022,621,633.5,621,631,9,+1.45%,9599,96858
09/19/2022,620,623.25,617,622,2,+0.32%,4412,94738
09/16/2022,619.5,623,614,620,0,0.00%,6481,94253
09/15/2022,625.5,629.25,619.25,620,-8,-1.27%,4482,93620
09/14/2022,630,631.75,623.75,628,-5,-0.79%,8251,93098
09/13/2022,630.5,633.25,625.75,633,0.75,+0.12%,9350,90912
09/12/2022,623.25,632.5,620.25,632.25,6,+0.96%,12827,89743
09/09/2022,616.25,626.5,616.25,626.25,8.75,+1.42%,7230,88174
09/08/2022,618,622.5,609,617.5,-2.5,-0.40%,6989,86899
09/07/2022,621.75,629.25,615.5,620,-3.25,-0.52%,9218,85649
09/06/2022,615,623.25,610,623.25,8.25,+1.34%,7899,84108
09/02/2022,609,616.75,606.75,615,6,+0.99%,5288,82792
09/01/2022,618.25,624.5,608,609,-11.25,-1.81%,6642,82182
08/31/2022,623.25,626.5,614.5,620.25,-2.25,-0.36%,8050,81388
08/30/2022,623,624,617.5,622.5,-0.75,-0.12%,7142,81108
08/29/2022,620,625,615.25,623.25,7,+1.14%,9721,80935
08/26/2022,605,619.25,603.5,616.25,10.25,+1.69%,7015,80213
08/25/2022,609.5,617.5,605,606,-4,-0.66%,5776,78532
08/24/2022,611.75,621,605.75,610,-1.75,-0.29%,8115,78701
08/23/2022,598.5,615.75,598.25,611.75,14.5,+2.43%,15636,78074
08/22/2022,586.75,598.5,583.25,597.25,7,+1.19%,7076,75595
08/19/2022,583.25,590.5,582,590.25,4.75,+0.81%,3765,73134
08/18/2022,580.5,587.75,575.5,585.5,5,+0.86%,5689,72624
08/17/2022,583.75,587.75,580,580.5,-3.25,-0.56%,3218,71313
08/16/2022,595,598.25,581.5,583.75,-12.5,-2.10%,4565,71116
08/15/2022,595.25,597.25,588.5,596.25,-3.25,-0.54%,5810,69901
08/12/2022,592,599.5,587,599.5,6.25,+1.05%,8814,67854
08/11/2022,586.75,596,585,593.25,5.75,+0.98%,6674,65954
08/10/2022,582.25,594,580,587.5,4,+0.69%,6365,64237
08/09/2022,583,591,582,583.5,3.25,+0.56%,3131,62402
08/08/2022,578,582,573.25,580.25,-2,-0.34%,2833,62182
08/05/2022,576,583.5,571.25,582.25,5.75,+1.00%,3313,61798
08/04/2022,570.25,580.25,565.25,576.5,6.25,+1.10%,3198,61426
08/03/2022,567,573.75,564,570.25,0.5,+0.09%,3693,60860
08/02/2022,574.25,577.75,567.5,569.75,-8.25,-1.43%,4851,60449
08/01/2022,580,581.25,564.5,578,-2.25,-0.39%,4219,59681
07/29/2022,573.25,588.5,572,580.25,4.75,+0.83%,4355,58676
07/28/2022,564.75,577.25,563.5,575.5,11,+1.95%,3578,58513
07/27/2022,562,565.25,556,564.5,3.75,+0.67%,2859,57974
07/26/2022,556,565.5,552.5,560.75,6.5,+1.17%,6585,57293
07/25/2022,551.75,558.75,543.25,554.25,8.25,+1.51%,5834,57716
07/22/2022,550.5,554,543.25,546,-5.25,-0.95%,3298,59141
07/21/2022,563,564.5,548.5,551.25,-12.75,-2.26%,3325,59530
07/20/2022,565.75,568,559,564,-1.5,-0.27%,2702,58700
07/19/2022,571.25,572.25,557,565.5,-8,-1.39%,3974,58266
07/18/2022,569.75,581.5,564.25,573.5,6.25,+1.10%,2727,57131
07/15/2022,569.25,575.25,561.5,567.25,-1.5,-0.26%,3193,56460
07/14/2022,561.75,570,557.5,568.75,8,+1.43%,3333,56481
07/13/2022,553,567.75,548.5,560.75,7,+1.26%,4650,55926
07/12/2022,572.5,574.25,547.5,553.75,-19.5,-3.40%,6448,54791
07/11/2022,591.5,598,571,573.25,-6,-1.04%,6178,54372
07/08/2022,559.25,580.5,558,579.25,20.25,+3.62%,3862,54823
07/07/2022,553.75,568.75,552.5,559,5.25,+0.95%,3795,55063
07/06/2022,553,557.75,542.75,553.75,2,+0.36%,4961,54685
07/05/2022,575,576.25,548.25,551.75,-25,-4.33%,8396,54409
07/01/2022,586,590.5,575,576.75,-7.25,-1.24%,5714,54223
06/30/2022,604,605,582.5,584,-20.25,-3.35%,6991,54665
06/29/2022,601,607.75,600,604.25,0.5,+0.08%,4470,53714
06/28/2022,605,612.5,602,603.75,0.5,+0.08%,2559,51915
06/27/2022,601,605,592,603.25,-6.25,-1.03%,3835,51851
06/24/2022,599,617,596.5,609.5,9.25,+1.54%,3788,51988
06/23/2022,625.75,625.75,593.5,600.25,-26.75,-4.27%,5613,52319
06/22/2022,628,632.75,620,627,-1,-0.16%,3644,52383
06/21/2022,641.25,643.75,617.25,628,-17,-2.64%,4704,52007
06/17/2022,652,661.5,642.25,645,-7.75,-1.19%,4071,51925
06/16/2022,647,657.5,647,652.75,5,+0.77%,2012,51716
06/15/2022,646.5,653,642.5,647.75,0,0.00%,1928,51622
06/14/2022,650.5,655.5,643.5,647.75,-5,-0.77%,4831,51588
06/13/2022,655,656.25,642.5,652.75,-0.5,-0.08%,2741,51862
06/10/2022,645.75,655,640.5,653.25,5.75,+0.89%,3568,51631
06/09/2022,641.5,649.75,637.5,647.5,3.25,+0.50%,4953,51021
06/08/2022,648,654,639,644.25,-5,-0.77%,6173,50362
06/07/2022,624.5,653.25,623.75,649.25,20,+3.18%,7571,50416
06/06/2022,629,633.75,622,629.25,2.5,+0.40%,4936,48621
06/03/2022,623.5,630.75,620.5,626.75,2.25,+0.36%,1988,49011
06/02/2022,621,628.5,620,624.5,2.75,+0.44%,2255,48523
06/01/2022,635,637.75,615.5,621.75,-13.25,-2.09%,6302,48445
05/31/2022,642.75,642.75,630.75,635,-7.5,-1.17%,1913,49883
05/27/2022,635.5,644.5,635.5,642.5,4.5,+0.71%,1190,49774
05/26/2022,631,643.25,623.25,638,1,+0.16%,2248,49823
05/25/2022,643.25,643.75,630.25,637,-7.25,-1.13%,3031,50182
05/24/2022,647,647,632.75,644.25,-2.75,-0.43%,2301,50641
05/23/2022,646.5,655,643.75,647,0.75,+0.12%,1837,50261
05/20/2022,645,649.5,641.75,646.25,-1.5,-0.23%,995,50334
05/19/2022,649.5,652.5,637.75,647.75,2.5,+0.39%,1871,50249
05/18/2022,656,656,642.75,645.25,-11,-1.68%,1941,50064
05/17/2022,653.75,663.75,650,656.25,1.75,+0.27%,4570,49942
05/16/2022,649.75,656.5,644,654.5,9,+1.39%,3269,50587
05/13/2022,654,657.25,638.25,645.5,-10,-1.53%,4456,49769
05/12/2022,645.75,657.75,641.75,655.5,9.25,+1.43%,3751,51019
05/11/2022,641,648.25,639.25,646.25,5.5,+0.86%,5006,50148
05/10/2022,636.5,641.5,632.5,640.75,3.25,+0.51%,2378,51307
05/09/2022,646.25,646.5,630,637.5,-10,-1.54%,3365,50715
05/06/2022,662,662,646,647.5,-14.75,-2.23%,3020,50692
05/05/2022,658.5,663.75,655,662.25,1.75,+0.26%,2263,49953
05/04/2022,659.25,667.25,655.25,660.5,-0.25,-0.04%,3206,49324
05/03/2022,667.25,669.75,655.5,660.75,-6.5,-0.97%,2882,48693
05/02/2022,670.5,670.5,661,667.25,-6.5,-0.96%,1980,48122
04/29/2022,673.5,678.25,672.75,673.75,-1,-0.15%,1274,47700
04/28/2022,675,677.75,672,674.75,-0.75,-0.11%,1546,47443
04/27/2022,674,679.25,670.25,675.5,0.5,+0.07%,1941,47205
04/26/2022,669.5,677,668.25,675,5.75,+0.86%,1974,46865
04/25/2022,655.25,673.75,647.75,669.25,14.25,+2.18%,6064,46287
04/22/2022,664,667.25,653,655,-9.5,-1.43%,1860,44674
04/21/2022,673,673.5,664,664.5,-10,-1.48%,1278,44186
04/20/2022,673,675.5,665.75,674.5,0,0.00%,1671,43848
04/19/2022,668,678,667,674.5,5.5,+0.82%,8615,43562
04/18/2022,661.25,670,661.25,669,7.5,+1.13%,1762,41081
04/14/2022,660,663,657.5,661.5,1,+0.15%,1310,40635
04/13/2022,653.25,660.75,651.25,660.5,6,+0.92%,1694,40165
04/12/2022,645.5,654.75,645.5,654.5,8.25,+1.28%,2197,39907
04/11/2022,641.25,648.75,640.25,646.25,3.75,+0.58%,1218,39478
04/08/2022,638,644.25,636.25,642.5,4.5,+0.71%,1761,39194
04/07/2022,628,638.5,626.75,638,9.5,+1.51%,1452,38884
04/06/2022,627,630,626.25,628.5,1.5,+0.24%,1043,38392
04/05/2022,623,631,622.25,627,3.75,+0.60%,2002,38101
04/04/2022,615.25,625,614.75,623.25,8,+1.30%,1337,37579
04/01/2022,611.25,620.25,608.5,615.25,5.5,+0.90%,2438,37253
03/31/2022,607,622.75,605.25,609.75,2.25,+0.37%,7256,36972
03/30/2022,600.5,617,600.25,607.5,5,+0.83%,2610,34822
03/29/2022,599.25,607.75,590,602.5,2.25,+0.37%,8592,33921
03/28/2022,596.75,600.25,594,600.25,1.75,+0.29%,1832,30540
03/25/2022,596.25,598.75,594,598.5,2,+0.34%,1078,30098
03/24/2022,594.75,596.75,592.25,596.5,1.5,+0.25%,844,29882
03/23/2022,589.75,597.5,588.25,595,3.25,+0.55%,1190,29659
03/22/2022,585.5,592,585,591.75,5.25,+0.90%,948,29360
03/21/2022,577.75,587,576.5,586.5,9.75,+1.69%,1268,29262
03/18/2022,575.25,578.5,572,576.75,-0.25,-0.04%,605,28982
03/17/2022,564.75,578,562.5,577,13.25,+2.35%,716,28857
03/16/2022,576.25,579,562.5,563.75,-14.5,-2.51%,1295,28846
03/15/2022,579,579,571.75,578.25,-2.75,-0.47%,446,28823
03/14/2022,583,584.75,575.25,581,-1.5,-0.26%,588,28771
03/11/2022,578.75,583.25,575.5,582.5,1.5,+0.26%,577,28653
03/10/2022,569.75,582,565.75,581,7.25,+1.26%,751,28605
03/09/2022,574.25,576,566.25,573.75,1.5,+0.26%,1119,28548
03/08/2022,570.25,580,565.25,572.25,-0.5,-0.09%,1777,28390
03/07/2022,565,572.75,560.75,572.75,10.25,+1.82%,2250,28150
03/04/2022,555.25,580,555.25,562.5,8.5,+1.53%,4001,27498
03/03/2022,563,569,551,554,-11.25,-1.99%,2472,26870
03/02/2022,572.25,575,557.75,565.25,-8,-1.40%,1345,26680
03/01/2022,558,574,557,573.25,14,+2.50%,2070,26613
02/28/2022,556,565,547.25,559.25,16.25,+2.99%,1775,26551
02/25/2022,563.5,570,540,543,-20.5,-3.64%,1508,26439
02/24/2022,568,603,560,563.5,-6.5,-1.14%,7294,26411
02/23/2022,566.25,570.5,564.25,570,2.25,+0.40%,1126,25176
02/22/2022,560.5,568.5,560,567.75,7.5,+1.34%,1381,25069
02/18/2022,559.5,562,557.25,560.25,0.5,+0.09%,541,24845
02/17/2022,554.75,560,553.75,559.75,2.5,+0.45%,536,24726
02/16/2022,554,557.25,553.5,557.25,1.5,+0.27%,655,24679
02/15/2022,560,560,552.75,555.75,-5.75,-1.02%,557,24633
02/14/2022,556,561.5,554,561.5,4,+0.72%,633,24411
02/11/2022,552.25,560,550,557.5,4.25,+0.77%,815,24221
02/10/2022,558,563,551,553.25,-5,-0.90%,2381,24167
02/09/2022,549,559,547,558.25,8.75,+1.59%,4470,24151
02/08/2022,548.25,549.5,546,549.5,0.75,+0.14%,1209,22311
02/07/2022,546.5,549,545.5,548.75,5.25,+0.97%,615,21986
02/04/2022,543.5,545.5,539.75,543.5,2,+0.37%,817,21761
02/03/2022,545,545.5,540.5,541.5,-4.25,-0.78%,610,21599
02/02/2022,548,549.75,543.5,545.75,-2.5,-0.46%,880,21496
02/01/2022,540,550,539.5,548.25,7.75,+1.43%,4861,21408
01/31/2022,543.5,547.75,538.5,540.5,-3,-0.55%,1722,19127
01/28/2022,540,545,540,543.5,2.25,+0.42%,866,18718
01/27/2022,543.75,546.25,540,541.25,-3.25,-0.60%,871,18563
01/26/2022,545,548.25,543.25,544.5,-1.5,-0.27%,981,18397
01/25/2022,537.25,547,534.75,546,8.25,+1.53%,5260,18333
01/24/2022,535,537.75,530.75,537.75,2.25,+0.42%,245,16016
01/21/2022,533.5,537,530,535.5,0.5,+0.09%,426,16111
01/20/2022,538,539,533.5,535,-3.5,-0.65%,559,16117
01/19/2022,528.5,541.25,528.25,538.5,10.25,+1.94%,4603,15467
01/18/2022,527.75,529.75,526.25,528.25,-1.5,-0.28%,827,13574
01/14/2022,535,537,528.25,529.75,-6.75,-1.26%,1090,13410
01/13/2022,534,543,533.25,536.5,2.25,+0.42%,2868,13355
01/12/2022,526,535.25,524.75,534.25,6.75,+1.28%,3879,12758
01/11/2022,525,529,525,527.5,0,0.00%,696,11155
01/10/2022,520,530.25,518.5,527.5,5.5,+1.05%,3765,10936
01/07/2022,513.5,522,512.5,522,8,+1.56%,3261,10838
01/06/2022,505.25,514.25,504.5,514,6.5,+1.28%,4272,10112
01/05/2022,508.25,509,506.25,507.5,-1,-0.20%,90,7745
01/04/2022,505.75,510,505.75,508.5,4,+0.79%,229,7729
01/03/2022,503.5,507.5,502.25,504.5,2.5,+0.50%,229,7693
12/31/2021,502,503.75,502,502,1.25,+0.25%,34,7640
12/30/2021,504,505.5,499.75,500.75,-5.75,-1.14%,208,7628
12/29/2021,501.5,509,501.5,506.5,4.25,+0.85%,105,7493
12/28/2021,508.25,508.25,501.5,502.25,-5,-0.99%,167,7462
12/27/2021,503.75,510,503.75,507.25,3.5,+0.69%,223,7452
12/23/2021,502,504.5,501.5,503.75,1,+0.20%,66,7354
12/22/2021,504,505.25,501.5,502.75,1,+0.20%,151,7352
12/21/2021,500.25,503.5,499.5,501.75,2,+0.40%,180,7375
12/20/2021,500.75,501.5,499,499.75,-1,-0.20%,106,7359
12/17/2021,499.75,502.5,499.75,500.75,-0.75,-0.15%,120,7396
12/16/2021,500,501.75,499.5,501.5,1.25,+0.25%,70,7362
12/15/2021,499.5,504.75,499.25,500.25,-1.25,-0.25%,307,7336
12/14/2021,499,502.5,499,501.5,2.5,+0.50%,258,7220
12/13/2021,505.25,505.25,497,499,-6,-1.19%,247,7093
12/10/2021,505.5,506.75,502.75,505,-1.25,-0.25%,247,6913
12/09/2021,509,509.5,505.25,506.25,-3,-0.59%,451,6774
12/08/2021,508.75,510.75,508.25,509.25,-0.25,-0.05%,119,6422
12/07/2021,509,511.75,508.75,509.5,-0.25,-0.05%,211,6369
12/06/2021,508,509.75,507.5,509.75,0.5,+0.10%,63,6407
12/03/2021,508,510.5,508,509.25,0.75,+0.15%,119,6383
12/02/2021,506,509.5,506,508.5,1,+0.20%,159,6378
12/01/2021,505.75,507.75,505.75,507.5,-0.25,-0.05%,196,6309
11/30/2021,508.75,509.75,506,507.75,-2,-0.39%,180,6253
11/29/2021,511.25,512,507.25,509.75,-2.75,-0.54%,173,6208
11/26/2021,508.5,513.25,506.5,512.5,2.25,+0.44%,123,6127
11/24/2021,509.75,512,509,510.25,0.5,+0.10%,262,6099
11/23/2021,510,510,508.25,509.75,-0.75,-0.15%,177,6082
11/22/2021,508.5,510.5,508,510.5,0.5,+0.10%,449,6113
11/19/2021,510.25,511.75,508,510,-1.25,-0.24%,222,6242
11/18/2021,509.75,514.25,508.75,511.25,-0.5,-0.10%,146,6202
11/17/2021,511,515,508.75,511.75,2.75,+0.54%,175,6185
11/16/2021,510,510,508.5,509,-1.75,-0.34%,59,6141
11/15/2021,508.5,511.25,506.75,510.75,2,+0.39%,87,6109
11/12/2021,507.25,510.25,504.5,508.75,2.25,+0.44%,157,6070
11/11/2021,507.75,510.5,505.25,506.5,-3.25,-0.64%,267,6010
11/10/2021,504.75,510,504.5,509.75,5.75,+1.14%,290,5870
11/09/2021,499.75,510.25,499.5,504,3.5,+0.70%,241,5809
11/08/2021,502.75,503.25,499.75,500.5,-3,-0.60%,127,5747
11/05/2021,507,508.75,503.25,503.5,-4,-0.79%,159,5695
11/04/2021,508.5,511.75,506.5,507.5,-0.75,-0.15%,184,5643
11/03/2021,510.25,511,507.25,508.25,-3,-0.59%,101,5542
11/02/2021,513,514.25,510.25,511.25,-1.75,-0.34%,244,5524
11/01/2021,508.25,514,507.75,513,2.75,+0.54%,339,5487
10/29/2021,508,511.75,505.75,510.25,1.5,+0.29%,262,5414
10/28/2021,506.25,512.75,505.25,508.75,1.75,+0.35%,428,5429
10/27/2021,497.5,509.25,497,507,8.5,+1.71%,893,5290
10/26/2021,497,498.5,496.5,498.5,1.5,+0.30%,263,4854
10/25/2021,496,498,496,497,0.5,+0.10%,47,4775
10/22/2021,494.25,497.75,494,496.5,2.5,+0.51%,84,4752
10/21/2021,496,496.25,494,494,-1.5,-0.30%,76,4712
10/20/2021,492.5,496.25,491.5,495.5,3.75,+0.76%,81,4681
10/19/2021,491.5,495.25,491.5,491.75,-0.5,-0.10%,66,4640
10/18/2021,489,493.5,487.5,492.25,3,+0.61%,132,4592
10/15/2021,484.25,491.5,484.25,489.25,4.25,+0.88%,68,4565
10/14/2021,481.75,486.25,481.75,485,3.5,+0.73%,111,4543
10/13/2021,487,487,476,481.5,-6.25,-1.28%,237,4511
10/12/2021,487.5,488.75,484,487.75,-0.5,-0.10%,143,4398
10/11/2021,485.5,488.75,484.5,488.25,2.5,+0.51%,52,4340
10/08/2021,486.75,488.75,483.75,485.75,0,0.00%,55,4316
10/07/2021,487,487,482.25,485.75,-1.5,-0.31%,82,4304
10/06/2021,490,491.75,487,487.25,-3.25,-0.66%,57,4273
10/05/2021,491,493,488,490.5,-3,-0.61%,51,4240
10/04/2021,486.5,497.75,485.25,493.5,6,+1.23%,265,4246
10/01/2021,482,488,482,487.5,6.75,+1.40%,221,4156
09/30/2021,476.5,483.5,475.5,480.75,2.75,+0.58%,214,4208
09/29/2021,477.75,479,476,478,2,+0.42%,151,4147
09/28/2021,473.5,477.75,472.5,476,1.5,+0.32%,160,4144
09/27/2021,463.75,475.25,463.5,474.5,9.25,+1.99%,183,4136
09/24/2021,466,466,463.25,465.25,-2.25,-0.48%,68,4114
09/23/2021,467.75,468.25,465.25,467.5,-0.5,-0.11%,69,4114
09/22/2021,468,468.75,465.25,468,1.5,+0.32%,85,4115
09/21/2021,467,467,462.5,466.5,-0.25,-0.05%,92,4124
09/20/2021,465,469,463.5,466.75,1.5,+0.32%,154,4138
09/17/2021,466.75,467.75,465,465.25,-3.5,-0.75%,52,4104
09/16/2021,473,475,468.75,468.75,-3.25,-0.69%,88,4088
09/15/2021,468.5,472.5,468.5,472,1.25,+0.27%,230,4099
09/14/2021,467,471,467,470.75,3.75,+0.80%,48,4156
09/13/2021,470,470,467,467,-1.5,-0.32%,31,4138
09/10/2021,466.75,469.25,465.25,468.5,2.25,+0.48%,157,4136
09/09/2021,468.5,469,465.75,466.25,-2.25,-0.48%,52,4126
09/08/2021,470,470.25,468.25,468.5,-1.5,-0.32%,112,4126
09/07/2021,474.75,478,468.75,470,-2.5,-0.53%,82,4115
09/03/2021,471.75,476.25,471.5,472.5,1,+0.21%,57,4107
09/02/2021,474.25,475.5,471.5,471.5,-2.25,-0.47%,154,4085
09/01/2021,476,480.25,472.25,473.75,-2.75,-0.58%,135,4086
08/31/2021,479.25,479.75,474.75,476.5,-3,-0.63%,144,4086
08/30/2021,479.75,480,475.75,479.5,0,0.00%,135,4039
08/27/2021,480,480.5,476.25,479.5,-2,-0.42%,60,3980
08/26/2021,484.5,484.5,480.75,481.5,-4,-0.82%,41,3969
08/25/2021,479.75,487.25,479.5,485.5,6.5,+1.36%,176,3977
08/24/2021,476.25,480.5,476.25,479,6,+1.27%,70,3980
08/23/2021,473.75,475.5,471,473,0.75,+0.16%,69,3989
08/20/2021,476.25,476.25,468.75,472.25,-5.5,-1.15%,51,3956
08/19/2021,480.5,480.5,476.25,477.75,-3,-0.62%,811,3961
08/18/2021,480,481,479.5,480.75,1,+0.21%,56,3629
08/17/2021,480.75,481,479.5,479.75,-0.5,-0.10%,59,3628
08/16/2021,479.5,481,479.5,480.25,-0.25,-0.05%,59,3647
08/13/2021,479.5,484.25,479.25,480.5,1.75,+0.37%,188,3646
08/12/2021,475.25,481,472.75,478.75,3,+0.63%,268,3614
08/11/2021,474.5,478.25,473.5,475.75,1.75,+0.37%,137,3573
08/10/2021,472.25,475,471.75,474,0.25,+0.05%,105,3530
08/09/2021,472,474.5,471.5,473.75,0.75,+0.16%,91,3502
08/06/2021,467.25,473.25,467.25,473,6.25,+1.34%,145,3478
08/05/2021,464.75,469,464.75,466.75,0.25,+0.05%,111,3438
08/04/2021,467.25,467.5,463.25,466.5,0,0.00%,48,3414
08/03/2021,465.5,467.25,464.25,466.5,-0.75,-0.16%,52,3425
08/02/2021,464,467.25,463.5,467.25,2.5,+0.54%,151,3421
07/30/2021,464.25,465.25,462.5,464.75,-0.75,-0.16%,22,3461
07/29/2021,463,466.25,462.5,465.5,3,+0.65%,111,3451
07/28/2021,464.75,465,461.25,462.5,-0.75,-0.16%,101,3488
07/27/2021,464.25,465,462.25,463.25,-0.5,-0.11%,94,3460
07/26/2021,457,464,457,463.75,6.5,+1.42%,521,3473
07/23/2021,458,458.75,457,457.25,-1,-0.22%,130,3185
07/22/2021,458.25,459,457,458.25,0.25,+0.05%,319,3106
07/21/2021,455.25,458.25,455.25,458,0.75,+0.16%,40,2877
07/20/2021,456.25,459,455.25,457.25,2,+0.44%,53,2874
07/19/2021,457.75,458.25,454,455.25,-2.5,-0.55%,32,2855
07/16/2021,454.25,457.75,452.5,457.75,3.25,+0.72%,33,2853
07/15/2021,454.25,454.5,452.25,454.5,1.5,+0.33%,24,2861
07/14/2021,454,455.25,452,453,0,0.00%,120,2858
07/13/2021,449.5,455,449.25,453,0.5,+0.11%,69,2870
07/12/2021,448.25,453.25,448.25,452.5,5,+1.12%,62,2893
07/09/2021,447.25,448.25,446,447.5,0.25,+0.06%,61,2940
07/08/2021,449.25,450,447,447.25,-0.75,-0.17%,42,2918
07/07/2021,450.25,452.25,445.25,448,-1.5,-0.33%,110,2916
07/06/2021,456.25,456.25,442,449.5,-8,-1.75%,277,2910
07/02/2021,458.25,459,456.25,457.5,0.25,+0.05%,37,2868
07/01/2021,456.25,461,456,457.25,1.5,+0.33%,88,2861
06/30/2021,450.25,462.25,447.25,455.75,5.5,+1.22%,288,2909
06/29/2021,449.25,453.25,449,450.25,1.5,+0.33%,100,2865
06/28/2021,437.75,449,437,448.75,13,+2.98%,106,2829
06/25/2021,444,444.5,435.25,435.75,-9,-2.02%,72,2803
06/24/2021,443.25,445.25,439.5,444.75,-0.5,-0.11%,76,2788
06/23/2021,446.5,446.75,443,445.25,0.25,+0.06%,40,2786
06/22/2021,450.25,451.25,445,445,-4.25,-0.95%,37,2775
06/21/2021,447.25,451.25,444.25,449.25,1.75,+0.39%,93,2763
06/18/2021,443.25,451.25,439,447.5,7.5,+1.70%,104,2755
06/17/2021,451.25,453.75,440,440,-12,-2.65%,107,2764
06/16/2021,454.25,458.25,451.25,452,-1.75,-0.39%,114,2723
06/15/2021,454.25,454.75,448,453.75,-1.75,-0.38%,199,2692
06/14/2021,461.25,461.25,449.25,455.5,-8.25,-1.78%,257,2700
06/11/2021,459.25,463.75,456.25,463.75,2,+0.43%,141,2748
06/10/2021,458,461.75,457.25,461.75,2.75,+0.60%,75,2680
06/09/2021,454.75,459.25,453,459,4.75,+1.05%,276,2645
06/08/2021,452.25,455,452.25,454.25,2.25,+0.50%,32,2435
06/07/2021,449,452.25,448.5,452,3.75,+0.84%,115,2435
06/04/2021,447,448.25,444,448.25,1.75,+0.39%,69,2480
06/03/2021,447.25,447.25,446.25,446.5,0,0.00%,16,2481
06/02/2021,448,448,444.5,446.5,0.75,+0.17%,12,2480
06/01/2021,445.25,448.25,445.25,445.75,2.5,+0.56%,50,2473
05/28/2021,445,445,442.5,443.25,-3,-0.67%,34,2472
05/27/2021,434,448,432.25,446.25,13,+3.00%,66,2450
05/26/2021,429,434,427.5,433.25,2.25,+0.52%,29,2454
05/25/2021,433,435,428.5,431,-1.5,-0.35%,108,2453
05/24/2021,438,438,430.25,432.5,-6.75,-1.54%,48,2421
05/21/2021,443,443,439.25,439.25,-6.5,-1.46%,33,2415
05/20/2021,440.25,447.75,439.25,445.75,4.25,+0.96%,21,2412
05/19/2021,440.75,441.75,434.75,441.5,-2.75,-0.62%,44,2411
05/18/2021,443,444.5,439.75,444.25,4.25,+0.97%,19,2411
05/17/2021,435.25,440.5,429.25,440,-0.25,-0.06%,111,2408
05/14/2021,442,445.75,436.5,440.25,-2,-0.45%,63,2365
05/13/2021,449.25,449.25,438,442.25,-9.25,-2.05%,146,2335
05/12/2021,453.25,453.25,449,451.5,-2,-0.44%,52,2279
05/11/2021,454.25,456.25,449.75,453.5,-1,-0.22%,70,2278
05/10/2021,458.25,458.25,453.25,454.5,-4.75,-1.03%,51,2267
05/07/2021,461.75,461.75,458,459.25,-2.5,-0.54%,91,2225
05/06/2021,458.75,464.25,458.75,461.75,0.5,+0.11%,84,2211
05/05/2021,458,461.25,458,461.25,5.5,+1.21%,172,2184
05/04/2021,453.25,457.25,451.25,455.75,7,+1.56%,177,2132
05/03/2021,449,455,444.5,448.75,2.75,+0.62%,159,2021
04/30/2021,446.5,448,443,446,-0.75,-0.17%,42,1944
04/29/2021,451,451.75,446.75,446.75,-5.25,-1.16%,87,1943
04/28/2021,453,456.25,450,452,-4.5,-0.99%,72,1883
04/27/2021,459.25,465,453,456.5,2.25,+0.50%,173,1858
04/26/2021,451,459.75,451,454.25,3.25,+0.72%,81,1768
04/23/2021,455,455,450,451,-4,-0.88%,31,1735
04/22/2021,450,457,448.5,455,5.75,+1.28%,108,1716
04/21/2021,445.25,450.5,445,449.25,2.5,+0.56%,45,1668
04/20/2021,449,452,446.25,446.75,0,0.00%,48,1661
04/19/2021,445,446.75,445,446.75,3.5,+0.79%,4,1649
04/16/2021,446,446,441.5,443.25,-1.5,-0.34%,31,1649
04/15/2021,443.5,447.75,441.5,444.75,0.5,+0.11%,49,1660
04/14/2021,444.75,448,443.75,444.25,1.5,+0.34%,47,1673
04/13/2021,439,445,437.5,442.75,6.25,+1.43%,76,1659
04/12/2021,430.25,436.5,429,436.5,6.25,+1.45%,32,1653
04/09/2021,429,433,428,430.25,1.75,+0.41%,76,1645
04/08/2021,424.5,428.5,424.5,428.5,5,+1.18%,94,1610
04/07/2021,420,424.5,420,423.5,3,+0.71%,152,1567
04/06/2021,420,420.5,419.75,420.5,0.75,+0.18%,59,1606
04/05/2021,418.5,419.75,418,419.75,2.5,+0.60%,26,1562
04/01/2021,419,419,416,417.25,-0.75,-0.18%,21,1570
03/31/2021,414.75,418.5,411,418,7,+1.70%,77,1565
03/30/2021,411,412.25,409.75,411,-0.75,-0.18%,19,1554
03/29/2021,411.75,411.75,411.75,411.75,-2.75,-0.66%,0,1549
03/26/2021,415.5,416.25,412,414.5,3.75,+0.91%,7,1549
03/25/2021,410.75,410.75,410.75,410.75,-0.5,-0.12%,0,1549
03/24/2021,412.25,412.25,409.75,411.25,-2.75,-0.66%,45,1549
03/23/2021,415.25,415.25,412.75,414,0,0.00%,26,1524
03/22/2021,413.5,414.5,413.5,414,-3.75,-0.90%,3,1503
03/19/2021,417.75,417.75,417.75,417.75,2.5,+0.60%,0,1503
03/18/2021,414.5,415.25,413,415.25,0,0.00%,4,1503
03/17/2021,416.25,416.25,415,415.25,-0.5,-0.12%,5,1502
03/16/2021,418.25,420.5,414,415.75,-0.75,-0.18%,40,1500
03/15/2021,419,419,415,416.5,-1.5,-0.36%,23,1476
03/12/2021,421.75,421.75,418,418,-4,-0.95%,11,1463
03/11/2021,421,422,421,422,1,+0.24%,56,1465
03/10/2021,424,424,417.5,421,-1.75,-0.41%,42,1412
03/09/2021,422.75,423,420.25,422.75,2.5,+0.59%,37,1394
03/08/2021,421.25,421.25,418,420.25,-2.75,-0.65%,49,1363
03/05/2021,422.75,423,422,423,1,+0.24%,9,1327
03/04/2021,421.75,422,420.75,422,0.75,+0.18%,15,1321
03/03/2021,418.5,421.25,417,421.25,-0.25,-0.06%,4,1315
03/02/2021,419,421.5,419,421.5,2.75,+0.66%,4,1311
03/01/2021,416,418.75,416,418.75,1,+0.24%,38,1310
02/26/2021,417.5,418,417,417.75,-1.5,-0.36%,14,1284
02/25/2021,419.25,419.25,416.25,419.25,0,0.00%,26,1273
02/24/2021,420,420.25,419.25,419.25,0.25,+0.06%,31,1272
02/23/2021,419,420,419,419,0.5,+0.12%,5,1245
02/22/2021,417,418.5,417,418.5,2.25,+0.54%,2,1243
02/19/2021,419.75,420,416.25,416.25,-3,-0.72%,32,1241
02/18/2021,420,420,418.25,419.25,-0.75,-0.18%,33,1215
02/17/2021,420,420,419.25,420,0,0.00%,0,1207
02/16/2021,416,420,415.5,420,3,+0.72%,4,1207
02/12/2021,419.25,419.25,417,417,-1.25,-0.30%,2,1207
02/11/2021,416,418.25,412.5,418.25,2,+0.48%,11,1205
02/10/2021,415.25,416.5,413.75,416.25,0.5,+0.12%,92,1196
02/09/2021,419,420,414,415.75,-2.25,-0.54%,11,1133
02/08/2021,418,418,417.5,418,0.25,+0.06%,4,1129
02/05/2021,417,417.75,413.5,417.75,3.75,+0.91%,3,1125
02/04/2021,414.75,416.25,414,414,0.75,+0.18%,32,1124
02/03/2021,411.75,415.25,411.75,413.25,0,0.00%,25,1122
02/02/2021,414,414.75,413.25,413.25,0.75,+0.18%,3,1112
02/01/2021,412.5,412.5,412.5,412.5,1.5,+0.36%,0,1112
01/29/2021,406.25,411,400.25,411,3.5,+0.86%,202,1112
01/28/2021,408.5,408.5,407.5,407.5,-0.25,-0.06%,1,1109
01/27/2021,410,412,407.75,407.75,-2.5,-0.61%,7,1108
01/26/2021,410.25,411,407.5,410.25,2.5,+0.61%,3,1110
01/25/2021,404.25,409.25,404.25,407.75,2,+0.49%,5,1113
01/22/2021,411,411,405,405.75,-6,-1.46%,12,1115
01/21/2021,412.5,413,411.75,411.75,0.25,+0.06%,13,1106
01/20/2021,410,412,409.75,411.5,0.5,+0.12%,120,1107
01/19/2021,411.25,413.5,411,411,2.5,+0.61%,3,1126
01/15/2021,408,410.5,408,408.5,1.25,+0.31%,67,1126
01/14/2021,405,407.5,405,407.25,1.25,+0.31%,20,1087
01/13/2021,409,412,405,406,-4.25,-1.04%,22,1079
01/12/2021,409,412,409,410.25,1.5,+0.37%,17,1070
01/11/2021,409,409.25,408,408.75,-0.25,-0.06%,12,1073
01/08/2021,409.5,410,408.75,409,-1,-0.24%,25,1073
01/07/2021,409.25,410,408,410,0,0.00%,11,1079
01/06/2021,408,410,408,410,3,+0.74%,72,1085
01/05/2021,406,407,406,407,3,+0.74%,11,1039
01/04/2021,404.75,405.5,404,404,-0.75,-0.19%,16,1041
12/31/2020,404,406,404,404.75,0.25,+0.06%,45,1033
12/30/2020,400,404.75,400,404.5,3.75,+0.94%,44,1027
12/29/2020,400.25,401.25,400.25,400.75,0.25,+0.06%,7,996
12/28/2020,400.5,400.5,400.5,400.5,0.75,+0.19%,0,998
12/24/2020,399,400,399,399.75,2,+0.50%,79,998
12/23/2020,397.5,398,397.5,397.75,0.5,+0.13%,53,1024
12/22/2020,398,398,397.25,397.25,-1.25,-0.31%,63,989
12/21/2020,399.5,399.5,398,398.5,0,0.00%,43,949
12/18/2020,398.25,398.5,398.25,398.5,0.5,+0.13%,8,929
12/17/2020,396.5,399.25,396.5,398,0.75,+0.19%,2,929
12/16/2020,397.25,397.25,397.25,397.25,1.5,+0.38%,1,930
12/15/2020,395.75,395.75,395.75,395.75,0.25,+0.06%,0,930
12/14/2020,395.5,395.5,395.25,395.5,-0.25,-0.06%,0,930
12/11/2020,395,395.75,395,395.75,-0.25,-0.06%,6,930
12/10/2020,395.5,396.25,395,396,2.25,+0.57%,71,930
12/09/2020,393.75,393.75,393.75,393.75,0.25,+0.06%,0,881
12/08/2020,393.5,393.5,393.5,393.5,-1.25,-0.32%,0,881
12/07/2020,393.75,394.75,393,394.75,1.75,+0.45%,1,881
12/04/2020,393,393,393,393,0,0.00%,2,880
12/03/2020,393,393,393,393,0.75,+0.19%,0,878
12/02/2020,392.25,392.25,392.25,392.25,0,0.00%,0,878
12/01/2020,394.5,394.5,392.25,392.25,0,0.00%,37,878
11/30/2020,392.25,392.25,392.25,392.25,-4.5,-1.13%,0,906
11/27/2020,396.75,396.75,396.75,396.75,1.5,+0.38%,0,906
11/25/2020,395.25,395.25,395.25,395.25,0.5,+0.13%,0,906
11/24/2020,396.75,396.75,394.75,394.75,-1,-0.25%,27,906
11/23/2020,397,397,395.75,395.75,1.25,+0.32%,67,899
11/20/2020,399.75,400,394.5,394.5,-1.75,-0.44%,7,843
11/19/2020,396.25,396.25,396.25,396.25,-2,-0.50%,0,841
11/18/2020,398.5,398.5,398.25,398.25,3.5,+0.89%,10,841
11/17/2020,394.75,394.75,394.75,394.75,0,0.00%,3,833
11/16/2020,394.75,394.75,394.75,394.75,1,+0.25%,0,835
11/13/2020,393.75,393.75,393.75,393.75,1.25,+0.32%,0,835
11/12/2020,392.75,392.75,392.5,392.5,-1.75,-0.44%,17,835
11/11/2020,396.75,396.75,392.75,394.25,-1.75,-0.44%,6,834
11/10/2020,395,398,395,396,3.25,+0.83%,8,832
11/09/2020,392.75,392.75,391.25,392.75,1,+0.26%,6,834
11/06/2020,394,394,391.75,391.75,-0.5,-0.13%,2,837
11/05/2020,392.25,392.25,392.25,392.25,2.25,+0.58%,0,837
11/04/2020,391.5,392,390,390,-0.5,-0.13%,18,837
11/03/2020,391,391,390.25,390.5,1.75,+0.45%,9,821
11/02/2020,391,391,388.75,388.75,-2.5,-0.64%,18,817
10/30/2020,391.25,391.75,391,391.25,0,0.00%,30,830
10/29/2020,391,391.5,391,391.25,0.5,+0.13%,8,842
10/28/2020,390.75,390.75,390,390.75,-1.25,-0.32%,83,843
10/27/2020,392.5,392.5,392,392,0.5,+0.13%,5,850
10/26/2020,391.5,391.5,391.25,391.5,-1.5,-0.38%,5,850
10/23/2020,393,393,393,393,-1.25,-0.32%,1,850
10/22/2020,395.25,395.25,393.75,394.25,-0.75,-0.19%,6,850
10/21/2020,395.5,396.5,395,395,-0.75,-0.19%,14,850
10/20/2020,393,395.75,393,395.75,0.75,+0.19%,7,850
10/19/2020,395,395,395,395,0.25,+0.06%,0,851
10/16/2020,395.75,396.5,393,394.75,-1.75,-0.44%,105,851
10/15/2020,397.25,397.25,396.5,396.5,-0.5,-0.13%,41,864
10/14/2020,397,397,397,397,0,0.00%,1,826
10/13/2020,397,397,397,397,0.25,+0.06%,0,825
10/12/2020,397.75,397.75,396.75,396.75,-2.25,-0.56%,1,825
10/09/2020,399.75,399.75,399,399,2.75,+0.69%,1,825
10/08/2020,396.25,396.25,396.25,396.25,-2.75,-0.69%,0,824
10/07/2020,399.75,399.75,399,399,-0.25,-0.06%,1,824
10/06/2020,399.25,399.25,399.25,399.25,1,+0.25%,0,823
10/05/2020,398.25,398.25,398.25,398.25,1,+0.25%,0,823
10/02/2020,397.25,397.25,397.25,397.25,0,0.00%,0,823
10/01/2020,399.75,399.75,397.25,397.25,0,0.00%,10,823
09/30/2020,394,400,394,397.25,3.75,+0.95%,34,823
09/29/2020,389.25,393.5,389.25,393.5,-0.25,-0.06%,23,825
09/28/2020,393.75,393.75,393.75,393.75,0.75,+0.19%,0,811
09/25/2020,395,395,393,393,0.75,+0.19%,2,811
09/24/2020,391,392.25,391,392.25,0,0.00%,6,812
09/23/2020,392,392.25,392,392.25,-1.25,-0.32%,1,808
09/22/2020,393.5,393.5,393.5,393.5,0,0.00%,1,808
09/21/2020,392.25,393.5,392.25,393.5,-3.75,-0.94%,1,809
09/18/2020,397.25,397.25,397.25,397.25,1.75,+0.44%,0,809
09/17/2020,395.25,395.5,395.25,395.5,0.25,+0.06%,4,809
09/16/2020,394.75,396.25,394.75,395.25,2.25,+0.57%,15,805
09/15/2020,393.25,393.5,393,393,-0.5,-0.13%,6,803
09/14/2020,395.5,395.5,389.75,393.5,-3,-0.76%,76,803
09/11/2020,395.5,396.5,395.5,396.5,0,0.00%,3,745
09/10/2020,396.5,396.5,396.5,396.5,0.25,+0.06%,0,744
09/09/2020,395.75,396.25,395.75,396.25,-1.25,-0.31%,1,744
09/08/2020,397,398,396,397.5,0.25,+0.06%,58,744
09/04/2020,397.25,397.25,397.25,397.25,1.25,+0.32%,16,693
09/03/2020,397,397,396,396,-0.5,-0.13%,15,689
09/02/2020,394.5,396.5,394.5,396.5,0.5,+0.13%,2,674
09/01/2020,393,396,393,396,1.25,+0.32%,2,674
08/31/2020,396.25,397,394.75,394.75,-1.5,-0.38%,7,674
08/28/2020,394.75,396.25,394.75,396.25,-0.25,-0.06%,10,674
08/27/2020,396,397,396,396.5,-0.25,-0.06%,6,674
08/26/2020,397,397,396.75,396.75,-0.75,-0.19%,11,674
08/25/2020,396,397.5,395.5,397.5,5.75,+1.47%,15,664
08/24/2020,391.5,392,391.5,391.75,0.25,+0.06%,4,667
08/21/2020,391.5,391.5,391.5,391.5,0.25,+0.06%,160,669
08/20/2020,390,391.25,389.5,391.25,-0.75,-0.19%,13,618
08/19/2020,393.25,393.25,392,392,-1.5,-0.38%,2,607
08/18/2020,393.5,393.75,392.25,393.5,0,0.00%,16,607
08/17/2020,387,393.75,387,393.5,4.5,+1.16%,15,605
08/14/2020,387.75,390,387.75,389,0.25,+0.06%,30,601
08/13/2020,384.75,388.75,384.75,388.75,8,+2.10%,16,584
08/12/2020,380.75,380.75,380.75,380.75,1.5,+0.40%,245,579
08/11/2020,379.25,379.25,379.25,379.25,-0.25,-0.07%,80,493
08/10/2020,378.5,379.5,378.5,379.5,1,+0.26%,58,478
08/07/2020,378,378.5,378,378.5,-1.75,-0.46%,8,430
08/06/2020,380.25,380.25,380.25,380.25,0.25,+0.07%,0,427
08/05/2020,380,380,380,380,1.25,+0.33%,10,427
08/04/2020,380,380,377.5,378.75,-1,-0.26%,22,427
08/03/2020,379.75,379.75,379.75,379.75,0.75,+0.20%,0,425
07/31/2020,379,379,379,379,0.25,+0.07%,0,425
07/30/2020,380.5,380.5,378.75,378.75,-0.75,-0.20%,15,425
07/29/2020,379.5,379.5,379.5,379.5,0.25,+0.07%,0,413
07/28/2020,379.25,379.25,379.25,379.25,-3.25,-0.85%,0,413
07/27/2020,382.5,382.5,382.5,382.5,0.25,+0.07%,0,413
07/24/2020,382,382.25,379.5,382.25,-1.75,-0.46%,5,413
07/23/2020,383.25,384.75,383.25,384,2.25,+0.59%,31,418
07/22/2020,380,381.75,380,381.75,4.25,+1.13%,14,411
07/21/2020,381,381,377.5,377.5,-3.5,-0.92%,3,402
07/20/2020,381,381,381,381,0,0.00%,0,401
07/17/2020,381,381,381,381,0.25,+0.07%,0,401
07/16/2020,380.75,380.75,380.75,380.75,1.25,+0.33%,0,401
07/15/2020,379.25,379.5,379.25,379.5,0.25,+0.07%,9,401
07/14/2020,379.25,379.25,379.25,379.25,0.25,+0.07%,2,396
07/13/2020,379,379,379,379,-2.5,-0.66%,0,396
07/10/2020,381.5,381.5,381.5,381.5,-6.5,-1.68%,0,396
07/09/2020,388,388,388,388,1.5,+0.39%,0,396
07/08/2020,386.5,386.5,386.5,386.5,2.5,+0.65%,0,396
07/07/2020,384,384,384,384,-0.25,-0.07%,0,396
07/06/2020,384.25,384.25,384.25,384.25,0.75,+0.20%,0,396
07/02/2020,383.5,383.5,383.5,383.5,-2.75,-0.71%,0,396
07/01/2020,386.25,386.25,386.25,386.25,3.25,+0.85%,21,396
06/30/2020,380,383,380,383,4.75,+1.26%,5,375
06/29/2020,377,378.25,377,378.25,3.5,+0.93%,11,370
06/26/2020,374.75,374.75,374.75,374.75,-1,-0.27%,0,360
06/25/2020,377.25,377.25,375.75,375.75,-3,-0.79%,7,360
06/24/2020,381.5,381.5,378.75,378.75,-2.25,-0.59%,6,356
06/23/2020,381,381,381,381,-3.25,-0.85%,0,355
06/22/2020,384.25,384.25,384.25,384.25,-1,-0.26%,0,355
06/19/2020,385.25,385.25,385.25,385.25,2.75,+0.72%,0,355
06/18/2020,382.5,382.5,382.5,382.5,0.25,+0.07%,0,355
06/17/2020,382.25,382.25,382.25,382.25,-0.75,-0.20%,0,355
06/16/2020,383.75,383.75,383,383,1.75,+0.46%,1,355
06/15/2020,381.25,381.25,381.25,381.25,-1.5,-0.39%,40,355
06/12/2020,382.75,382.75,382.75,382.75,-1.25,-0.33%,20,315
06/11/2020,384,384,384,384,1.25,+0.33%,0,295
06/10/2020,382.75,382.75,382.75,382.75,-2.75,-0.71%,2,295
06/09/2020,383.5,385.5,383.5,385.5,-1.5,-0.39%,40,295
06/08/2020,387,387,387,387,2,+0.52%,25,261
06/05/2020,383.75,385,383.75,385,0.75,+0.20%,18,236
06/04/2020,384.25,384.25,384.25,384.25,4,+1.05%,10,227
06/03/2020,380,380.25,380,380.25,0.75,+0.20%,26,217
06/02/2020,379.5,379.5,379.5,379.5,1.75,+0.46%,0,194
06/01/2020,377.75,377.75,377.75,377.75,-2.25,-0.59%,0,194
05/29/2020,380,380,380,380,-1.75,-0.46%,0,194
05/28/2020,381.75,381.75,381.75,381.75,2.75,+0.73%,0,194
05/27/2020,379,379,379,379,-0.5,-0.13%,0,194
05/26/2020,379.5,379.5,379.5,379.5,0.75,+0.20%,41,194
05/22/2020,376.5,379,376,378.75,-1.75,-0.46%,11,154
05/21/2020,378.5,380.5,378.5,380.5,-0.5,-0.13%,1,150
05/20/2020,379.5,381,379.5,381,0,0.00%,21,149
05/19/2020,381,381,379.5,381,-0.25,-0.07%,10,134
05/18/2020,381.25,381.25,380.75,381.25,-1.25,-0.33%,5,124
05/15/2020,383,383,382.5,382.5,0.25,+0.07%,1,119
05/14/2020,382.25,382.25,382.25,382.25,1.5,+0.39%,0,118
05/13/2020,380.75,380.75,380.75,380.75,0,0.00%,0,118
05/12/2020,380.75,380.75,380.75,380.75,0,0.00%,0,118
05/11/2020,380.75,380.75,380.75,380.75,0,0.00%,1,118
05/08/2020,383,383,380.75,380.75,0,0.00%,1,118
05/07/2020,381,382,380.75,380.75,0,0.00%,4,117
05/06/2020,381,381,380.75,380.75,-1.75,-0.46%,1,113
05/05/2020,380,382.5,380,382.5,-0.75,-0.20%,5,112
05/04/2020,384.25,384.25,383,383.25,0,0.00%,4,109
05/01/2020,383.25,383.25,383.25,383.25,1,+0.26%,0,106
04/30/2020,383,383,381.75,382.25,2,+0.53%,8,106
04/29/2020,374.5,380.25,374.5,380.25,4.25,+1.13%,8,104
04/28/2020,376.25,376.25,376,376,-1,-0.27%,15,100
04/27/2020,376.25,377,376,377,-2.25,-0.59%,17,100
04/24/2020,379.25,379.25,379.25,379.25,0.5,+0.13%,0,86
04/23/2020,378.75,378.75,378.75,378.75,-0.25,-0.07%,0,86
04/22/2020,379,379,379,379,2.5,+0.66%,0,86
04/21/2020,379.75,379.75,376.5,376.5,-6,-1.57%,2,86
04/20/2020,385.75,385.75,382.5,382.5,-6,-1.54%,6,86
04/17/2020,388.5,388.5,388.5,388.5,1.5,+0.39%,10,82
04/16/2020,387,387,387,387,-1.75,-0.45%,0,91
04/15/2020,391,391,388.75,388.75,-2.5,-0.64%,8,91
04/14/2020,391.25,391.25,391.25,391.25,-0.25,-0.06%,0,86
04/13/2020,391.5,391.5,391.5,391.5,-0.5,-0.13%,0,86
04/09/2020,392,392,392,392,3.25,+0.84%,0,86
04/08/2020,387.5,388.75,387,388.75,-0.5,-0.13%,3,86
04/07/2020,387.75,389.25,387.75,389.25,2.5,+0.65%,20,84
04/06/2020,386.75,386.75,386.75,386.75,-1.5,-0.39%,0,71
04/03/2020,388.25,388.25,388.25,388.25,0.25,+0.06%,0,71
04/02/2020,388,388,388,388,0.75,+0.19%,0,71
04/01/2020,387.25,387.25,387.25,387.25,-8,-2.02%,0,71
03/31/2020,395.25,395.25,395.25,395.25,1.25,+0.32%,0,71
03/30/2020,394.75,394.75,394,394,-1.75,-0.44%,5,71
03/27/2020,395.75,395.75,395.75,395.75,-3.5,-0.88%,0,66
03/26/2020,401,401,399.25,399.25,0.25,+0.06%,1,66
03/25/2020,400,400,399,399,-1,-0.25%,6,65
03/24/2020,400,400,400,400,2.5,+0.63%,0,60
03/23/2020,397.5,397.5,397.5,397.5,0.25,+0.06%,0,60
03/20/2020,397.25,397.25,397.25,397.25,1.5,+0.38%,0,60
03/19/2020,395.5,399,395.5,395.75,0.25,+0.06%,3,60
03/18/2020,394.75,395.5,394.75,395.5,-1.5,-0.38%,1,60
03/17/2020,395,397,395,397,2.25,+0.57%,1,60
03/16/2020,394.75,394.75,394.75,394.75,-6.25,-1.56%,0,59
03/13/2020,401.25,401.25,399.5,401,-1.25,-0.31%,8,59
03/12/2020,401,402.25,401,402.25,-2.25,-0.56%,2,55
03/11/2020,404.5,404.5,404.5,404.5,-2.25,-0.55%,0,53
03/10/2020,406.75,406.75,406.75,406.75,1,+0.25%,0,53
03/09/2020,407,407,405.75,405.75,-2.75,-0.67%,2,53
03/06/2020,408.5,408.5,408.5,408.5,0,0.00%,0,51
03/05/2020,408.5,408.5,408.5,408.5,0,0.00%,0,51
03/04/2020,408.5,408.5,408.5,408.5,0.25,+0.06%,0,51
03/03/2020,409.25,409.25,408.25,408.25,1,+0.25%,1,51
03/02/2020,407.25,407.25,407.25,407.25,2,+0.49%,0,51
02/28/2020,406,406,405.25,405.25,-1.25,-0.31%,2,51
02/27/2020,406.5,406.5,406.5,406.5,-3.25,-0.79%,0,49
02/26/2020,412,412,409.75,409.75,-2.25,-0.55%,10,49
02/25/2020,412,412,412,412,1,+0.24%,7,48
02/24/2020,414.5,414.5,410.25,411,-3.75,-0.90%,9,48
02/21/2020,414.5,414.75,414.5,414.75,0,0.00%,23,40
02/20/2020,414.75,414.75,414.75,414.75,-1,-0.24%,5,17
02/19/2020,415.75,416.5,415.75,415.75,-0.25,-0.06%,0,12
02/18/2020,414.5,416,414.5,416,1.25,+0.30%,4,12
02/14/2020,414.75,414.75,414.75,414.75,-1,-0.24%,0,8
02/13/2020,415.75,415.75,415.75,415.75,0,0.00%,0,8
02/12/2020,415.75,415.75,415.75,415.75,0,0.00%,0,8
02/11/2020,415,415.75,414.5,415.75,0.25,+0.06%,3,8
02/10/2020,415.5,415.5,415.5,415.5,0,0.00%,0,5
02/07/2020,415.5,415.5,415.5,415.5,0.25,+0.06%,0,5
02/06/2020,415.25,415.25,415.25,415.25,0,0.00%,0,5
02/05/2020,415.25,415.25,415.25,415.25,-0.75,-0.18%,0,5
02/04/2020,416,416,416,416,0.25,+0.06%,0,5
02/03/2020,415.75,415.75,415.75,415.75,0,0.00%,0,5
01/31/2020,415.75,415.75,415.75,415.75,0,0.00%,0,5
01/30/2020,415,415.75,415,415.75,0.25,+0.06%,5,5
01/29/2020,415.5,415.5,415.5,415.5,-0.75,-0.18%,0,2
01/28/2020,416.25,416.25,416.25,416.25,0.5,+0.12%,0,2
01/27/2020,415.75,415.75,415.75,415.75,-0.25,-0.06%,0,2
01/24/2020,416,416,416,416,-1.5,-0.36%,0,2
01/23/2020,417.5,417.5,417.5,417.5,0.75,+0.18%,0,2
01/22/2020,416.75,416.75,416.75,416.75,0,0.00%,0,2
01/21/2020,416.75,416.75,416.75,416.75,-0.75,-0.18%,0,2
01/17/2020,417.5,417.5,417.5,417.5,1.5,+0.36%,0,2
01/16/2020,416,416,416,416,-2.25,-0.54%,0,2
01/15/2020,418.25,418.25,418.25,418.25,-0.75,-0.18%,0,2
01/14/2020,419,419,419,419,-1,-0.24%,0,2
01/13/2020,420,420,420,420,0,0.00%,0,2
01/10/2020,420,420,420,420,-2.75,-0.65%,0,2
01/09/2020,422.75,422.75,422.75,422.75,-1,-0.24%,0,2
01/08/2020,423.75,423.75,423.75,423.75,0,0.00%,0,2
01/07/2020,423.75,423.75,423.75,423.75,0,0.00%,0,2
01/06/2020,423.75,423.75,423.75,423.75,1.25,+0.30%,0,2
01/03/2020,422.5,422.5,422.5,422.5,-2,-0.47%,0,2
01/02/2020,424.5,424.5,424.5,424.5,-0.5,-0.12%,0,2
12/31/2019,425,425,425,425,-1,-0.23%,0,2
12/30/2019,426,426,426,426,0.75,+0.18%,0,2
12/27/2019,425.25,425.25,425.25,425.25,-0.5,-0.12%,0,2
12/26/2019,425.75,425.75,425.75,425.75,11,+2.65%,0,2
12/24/2019,414.75,414.75,414.75,414.75,0.25,+0.06%,0,2
12/23/2019,418,418,414.5,414.5,0.75,+0.18%,2,2
12/20/2019,413.75,413.75,413.75,413.75,-0.25,-0.06%,0,0
12/19/2019,414,414,414,414,0,0.00%,0,0
12/18/2019,414,414,414,414,-1.25,-0.30%,0,0
12/17/2019,415.25,415.25,415.25,415.25,-0.25,-0.06%,0,0
12/16/2019,415.5,415.5,415.5,415.5,2,+0.48%,0,0
